00000000001b00a0 D BxOpcodesTable
0000000001a60870 B Const_1
0000000001a60880 B Const_Z
0000000001a60848 B SIM
000000000012b5d0 T _Z10ask_stringPKcS0_Pc
00000000000b5340 T _Z10bcd_to_binhb
00000000000b5360 T _Z10bin_to_bcdhb
000000000012be40 T _Z10bx_read_rcPc
000000000009bb50 T _Z10bx_set_semP15bx_thread_sem_t
00000000000f1140 T _Z10findOpcodePKmj
000000000012c530 T _Z10text_printP10bx_param_c
00000000000f0e90 T _Z11assign_srcsP15bxInstruction_cjjj
000000000009bb40 T _Z11bx_wait_semP15bx_thread_sem_t
000000000012bfa0 T _Z11bx_write_rcPc
0000000000118a60 T _Z11dis_sprintfPcPKcz
00000000001431c0 T _Z11float32_addjjR14float_status_t
00000000001434e0 T _Z11float32_divjjR14float_status_t
0000000000142bc0 T _Z11float32_frcjR14float_status_t
0000000000143b50 T _Z11float32_maxjjR14float_status_t
0000000000143ae0 T _Z11float32_minjjR14float_status_t
0000000000143220 T _Z11float32_muljjR14float_status_t
00000000001431f0 T _Z11float32_subjjR14float_status_t
0000000000144e10 T _Z11float64_addmmR14float_status_t
00000000001451b0 T _Z11float64_divmmR14float_status_t
0000000000144730 T _Z11float64_frcmR14float_status_t
0000000000145a90 T _Z11float64_maxmmR14float_status_t
0000000000145a00 T _Z11float64_minmmR14float_status_t
0000000000144e70 T _Z11float64_mulmmR14float_status_t
0000000000144e40 T _Z11float64_submmR14float_status_t
00000000001105a0 T _Z11get_ar_bytePK15bx_descriptor_t
000000000008c4e0 T _Z11print_usagev
00000000001105d0 T _Z11set_ar_byteP15bx_descriptor_th
000000000008d890 T _Z12bx_init_mainiPPc
000000000012ddc0 T _Z12bx_instr_hltj
000000000012def0 T _Z12bx_instr_inptj
000000000009baa0 T _Z12bx_set_eventP17bx_thread_event_t
000000000012adf0 T _Z12clean_stringPc
00000000000f0970 T _Z12decoder_ud32PKhRjP15bxInstruction_cjjPKv
00000000000d9d90 T _Z12fat_datetimeli
0000000000147a00 T _Z12float128_add8float128S_R14float_status_t
0000000000147e40 T _Z12float128_div8float128S_R14float_status_t
0000000000147a60 T _Z12float128_mul8float128S_R14float_status_t
0000000000147a30 T _Z12float128_sub8float128S_R14float_status_t
00000000001437b0 T _Z12float32_sqrtjR14float_status_t
0000000000145580 T _Z12float64_sqrtmR14float_status_t
0000000000146920 T _Z12floatx80_add8floatx80S_R14float_status_t
0000000000146c60 T _Z12floatx80_div8floatx80S_R14float_status_t
0000000000147680 T _Z12floatx80_mul8floatx808float128R14float_status_t
0000000000146980 T _Z12floatx80_mul8floatx80S_R14float_status_t
0000000000146950 T _Z12floatx80_sub8floatx80S_R14float_status_t
00000000000effa0 T _Z12flushICachesv
00000000001210b0 T _Z12get_user_keyPc
00000000000f0b90 T _Z12parseModrm32PKhRjP15bxInstruction_cP8bx_modrm
00000000000e18f0 T _Z12vpc_checksumPhm
00000000000f17c0 T _Z13assignHandlerP15bxInstruction_cj
00000000000e9510 T _Z13bw_slice_failPKc
00000000000ec5c0 T _Z13bw_slice_readyjPv
00000000000ed190 T _Z13bw_slice_tickj
000000000009bb10 T _Z13bx_create_semP15bx_thread_sem_t
000000000012dda0 T _Z13bx_instr_exitj
000000000012df00 T _Z13bx_instr_inp2tjj
000000000012df10 T _Z13bx_instr_outptjj
00000000000d98f0 T _Z13bx_read_imageilPvi
00000000000f0980 T _Z13decodeModrm32PKhRjP15bxInstruction_cjjj
00000000000f0930 T _Z13decoder32_nopPKhRjP15bxInstruction_cjjPKv
00000000000f1280 T _Z13decoder_vex32PKhRjP15bxInstruction_cjjPKv
00000000000f1340 T _Z13decoder_xop32PKhRjP15bxInstruction_cjjPKv
0000000000119070 T _Z13disasm_regrefPcPK15bxInstruction_cjj13BxDisasmStyle
0000000000119730 T _Z13disasm_sourcePcjbPK15bxInstruction_cjj13BxDisasmStyle
00000000000f1530 T _Z13fetchDecode32PKhbP15bxInstruction_cj
0000000000143980 T _Z13float32_classj
0000000000145840 T _Z13float64_classm
00000000001470b0 T _Z13floatx80_sqrt8floatx80R14float_status_t
0000000000131af0 T _Z14FPU_handle_NaN8floatx80ijiR14float_status_t
0000000000131d50 T _Z14FPU_handle_NaN8floatx80imiR14float_status_t
0000000000131cc0 T _Z14FPU_handle_NaN8floatx80jRS_R14float_status_t
0000000000131f60 T _Z14FPU_handle_NaN8floatx80mRS_R14float_status_t
00000000000ec890 T _Z14bw_slice_writeyjPKv
00000000000d9970 T _Z14bx_close_imageiPKc
000000000009bb30 T _Z14bx_destroy_semP15bx_thread_sem_t
000000000008d870 T _Z14bx_init_bx_dbgv
000000000012ddd0 T _Z14bx_instr_mwaitjjjj
000000000012ddb0 T _Z14bx_instr_resetjj
000000000012df40 T _Z14bx_instr_wrmsrjjm
000000000012b980 T _Z14bx_log_optionsi
000000000012c1d0 T _Z14bx_plugin_ctrlv
00000000000d9930 T _Z14bx_write_imageilPvi
00000000000f1460 T _Z14decoder_creg32PKhRjP15bxInstruction_cjjPKv
00000000000f12e0 T _Z14decoder_evex32PKhRjP15bxInstruction_cjjPKv
00000000000f0c10 T _Z14fetchImmediatePKhRjP15bxInstruction_ctb
0000000000142cd0 T _Z14float32_getexpjR14float_status_t
0000000000143bc0 T _Z14float32_minmaxjjiiR14float_status_t
0000000000142f70 T _Z14float32_scalefjjR14float_status_t
0000000000144870 T _Z14float64_getexpmR14float_status_t
0000000000145b20 T _Z14float64_minmaxmmiiR14float_status_t
0000000000144b70 T _Z14float64_scalefmmR14float_status_t
0000000000148a40 T _Z14floatx80_class8floatx80
00000000001486c0 T _Z14floatx80_scale8floatx80S_R14float_status_t
0000000000110570 T _Z14parse_selectortP13bx_selector_t
000000000008c0f0 T _Z15bx_center_printP8_IO_FILEPKcj
000000000009ba60 T _Z15bx_create_eventP17bx_thread_event_t
00000000000900a0 T _Z15bx_find_bochsrcv
0000000000096050 T _Z15bx_init_optionsv
000000000012de40 T _Z15bx_instr_opcodejP15bxInstruction_cPKhjbb
000000000012df50 T _Z15bx_instr_vmexitjjm
000000000008c220 T _Z15bx_print_headerv
00000000000dccf0 T _Z15coherency_checkP14device_image_tP9redolog_t
000000000010b9e0 T _Z15cpu_mode_stringj
00000000000f0900 T _Z15decoder32_3dnowPKhRjP15bxInstruction_cjjPKv
00000000000f1180 T _Z15decoder32_modrmPKhRjP15bxInstruction_cjjPKv
00000000001439e0 T _Z15float32_comparejjiR14float_status_t
0000000000142da0 T _Z15float32_getmantjR14float_status_tii
00000000001458b0 T _Z15float64_comparemmiR14float_status_t
0000000000144960 T _Z15float64_getmantmR14float_status_tii
0000000000118e70 T _Z15resolve_memsizePcPK15bxInstruction_cjj
00000000000ec150 T _Z16bw_slice_ack_irqv
00000000000ed020 T _Z16bw_slice_port_injj
000000000009ba80 T _Z16bx_destroy_eventP17bx_thread_event_t
000000000008c1e0 T _Z16bx_get_timestampPc
000000000008c8a0 T _Z16bx_init_hardwarev
000000000012de90 T _Z16bx_instr_clflushjjj
0000000000094330 T _Z16bx_parse_cmdlineiiPPc
000000000008fe40 T _Z16bx_reset_optionsv
000000000010ba00 T _Z16cpu_state_stringj
00000000000f0910 T _Z16decoder_simple32PKhRjP15bxInstruction_cjjPKv
0000000000119210 T _Z16disasm_immediatePcPK15bxInstruction_cj13BxDisasmStyle
0000000000142400 T _Z16float32_to_int32jR14float_status_t
00000000001425e0 T _Z16float32_to_int64jR14float_status_t
0000000000143ec0 T _Z16float64_to_int32mR14float_status_t
00000000001440b0 T _Z16float64_to_int64mR14float_status_t
0000000000148ac0 T _Z16floatx80_compare8floatx80S_iR14float_status_t
0000000000148560 T _Z16floatx80_extractR8floatx80R14float_status_t
0000000000117cc0 T _Z16get_memtype_namej
00000000000da200 T _Z16increment_stringPci
0000000000142020 T _Z16int32_to_float32iR14float_status_t
0000000000142060 T _Z16int32_to_float64i
00000000001420d0 T _Z16int64_to_float32lR14float_status_t
00000000001421d0 T _Z16int64_to_float64lR14float_status_t
0000000000110860 T _Z16parse_descriptorjjP15bx_descriptor_t
0000000000121120 T _Z16reverse_bitorderh
00000000000eea40 T _Z17bw_slice_activateP8BX_CPU_C
00000000000ec2d0 T _Z17bw_slice_note_irqj
00000000000ed0f0 T _Z17bw_slice_port_outjjj
000000000012dd80 T _Z17bx_instr_exit_envv
000000000012dd70 T _Z17bx_instr_init_envv
000000000008e7b0 T _Z17bx_signal_handleri
000000000009bad0 T _Z17bx_wait_for_eventP17bx_thread_event_t
00000000001428c0 T _Z17float32_to_uint32jR14float_status_t
00000000001427e0 T _Z17float32_to_uint64jR14float_status_t
00000000001443e0 T _Z17float64_to_uint32mR14float_status_t
00000000001442e0 T _Z17float64_to_uint64mR14float_status_t
00000000001484e0 T _Z17floatx80_to_int168floatx80R14float_status_t
0000000000146270 T _Z17floatx80_to_int328floatx80R14float_status_t
00000000001463b0 T _Z17floatx80_to_int648floatx80R14float_status_t
00000000000da000 T _Z17hdimage_copy_filePKcS0_
00000000000d9af0 T _Z17hdimage_open_filePKciPmPl
0000000000145f00 T _Z17int32_to_floatx80i
00000000001483f0 T _Z17int64_to_float128l
0000000000145f70 T _Z17int64_to_floatx80l
00000000001492d0 T _Z17roundAndPackInt32imR14float_status_t
00000000001493f0 T _Z17roundAndPackInt64immR14float_status_t
0000000000142230 T _Z17uint32_to_float32jR14float_status_t
0000000000142270 T _Z17uint32_to_float64j
00000000001422c0 T _Z17uint64_to_float32mR14float_status_t
00000000001423c0 T _Z17uint64_to_float64mR14float_status_t
00000000000edae0 T _Z18bw_slice_note_haltv
000000000012ddf0 T _Z18bx_instr_debug_cmdPKc
000000000012de60 T _Z18bx_instr_exceptionjjj
000000000012de50 T _Z18bx_instr_interruptjj
000000000012de80 T _Z18bx_instr_tlb_cntrljjj
000000000008c6c0 T _Z18bx_stop_simulationv
00000000001428f0 T _Z18float32_to_float64jR14float_status_t
0000000000144410 T _Z18float64_to_float32mR14float_status_t
000000000013e610 T _Z18floatx80_remainder8floatx80S_RS_RmR14float_status_t
00000000000f19e0 T _Z18get_bx_opcode_namet
0000000000118d20 T _Z18resolve_memref_gasPcPK15bxInstruction_cPPKcj
0000000000119010 T _Z18resolve_memref_gasPcPK15bxInstruction_cjj
0000000000149500 T _Z18roundAndPackUint64immR14float_status_t
00000000000ec390 T _Z19bw_slice_note_faultjj
000000000008d480 T _Z19bx_begin_simulationiPPc
000000000008fd40 T _Z19bx_init_pcidev_listv
000000000008fc20 T _Z19bx_init_vgaext_listv
000000000012de30 T _Z19bx_instr_far_branchjjtjtj
000000000012dd90 T _Z19bx_instr_initializej
000000000012df20 T _Z19bx_instr_lin_accessjjjjjj
000000000012df30 T _Z19bx_instr_phy_accessjjjjj
0000000000090900 T _Z19bx_parse_nic_paramsPKcS0_P9bx_list_c
000000000008f710 T _Z19bx_plugin_ctrl_initv
000000000008e6f0 T _Z19bx_show_ips_handlerv
0000000000094480 T _Z19bx_write_param_listP8_IO_FILEP9bx_list_cPKcb
00000000000f0fe0 T _Z19decoder32_fp_escapePKhRjP15bxInstruction_cjjPKv
0000000000119500 T _Z19disasm_implicit_srcPcPK15bxInstruction_cj13BxDisasmStyle
0000000000146020 T _Z19float32_to_floatx80jR14float_status_t
0000000000146140 T _Z19float64_to_floatx80mR14float_status_t
0000000000146510 T _Z19floatx80_to_float328floatx80R14float_status_t
00000000001465e0 T _Z19floatx80_to_float648floatx80R14float_status_t
00000000000d9e60 T _Z19hdimage_backup_fileiPKc
0000000000148ce0 T _Z19propagateFloat32NaNjjR14float_status_t
0000000000148df0 T _Z19propagateFloat64NaNmmR14float_status_t
00000000001495d0 T _Z19roundAndPackFloat16istR14float_status_t
00000000001497e0 T _Z19roundAndPackFloat32isjR14float_status_t
0000000000149ad0 T _Z19roundAndPackFloat64ismR14float_status_t
00000000000a79e0 T _Z19serial_init_optionsv
00000000000a54b0 T _Z19serial_options_saveP8_IO_FILE
00000000000f8df0 T _Z20apic_bus_deliver_smiv
0000000000126740 T _Z20bx_init_siminterfacev
000000000012dea0 T _Z20bx_instr_cache_cntrljj
000000000012dde0 T _Z20bx_instr_debug_promtv
000000000012de70 T _Z20bx_instr_hwinterruptjjtj
000000000008f7e0 T _Z20bx_plugin_ctrl_resetb
0000000000090b20 T _Z20bx_split_option_listPKcS0_PPci
0000000000094e50 T _Z20bx_write_log_optionsP8_IO_FILEP9bx_list_c
0000000000119400 T _Z20disasm_branch_targetPcPK15bxInstruction_cjjj13BxDisasmStyle
0000000000147500 T _Z20float128_to_floatx808float128R14float_status_t
0000000000142a00 T _Z20float32_round_to_intjhR14float_status_t
0000000000144510 T _Z20float64_round_to_intmhR14float_status_t
0000000000147470 T _Z20floatx80_to_float1288floatx80R14float_status_t
0000000000090260 T _Z20get_builtin_variablePKc
00000000000d9260 T _Z20hdimage_save_handlerPvP10bx_param_c
0000000000090cd0 T _Z20is_deprecated_optionPKcPS0_
00000000000ab090 T _Z20parport_init_optionsv
00000000000aa3d0 T _Z20parport_options_saveP8_IO_FILE
00000000001490c0 T _Z20propagateFloat128NaN8float128S_R14float_status_t
0000000000148f60 T _Z20propagateFloatx80NaN8floatx80S_R14float_status_t
000000000011d860 T _Z20ramfile_save_handlerPvP8_IO_FILE
0000000000118bf0 T _Z20resolve_memref_intelPcPK15bxInstruction_cPPKcj
0000000000118fb0 T _Z20resolve_memref_intelPcPK15bxInstruction_cjj
000000000014a890 T _Z20roundAndPackFloat128iimmmR14float_status_t
000000000014a540 T _Z20roundAndPackFloatx80iiimmR14float_status_t
00000000000c5e90 T _Z20speaker_init_optionsv
00000000000c5b70 T _Z20speaker_options_saveP8_IO_FILE
00000000000ecb60 T _Z21bw_slice_execute_pagey
00000000000ed2f0 T _Z21bw_slice_note_attemptj
00000000000ebf80 T _Z21bw_slice_pagewalk_setj
00000000000eda70 T _Z21bw_slice_should_yieldv
0000000000094270 T _Z21bx_read_configurationPKc
00000000001466c0 T _Z21floatx80_round_to_int8floatx80R14float_status_t
000000000008c320 T _Z21print_statistics_treeP10bx_param_ci
0000000000118ba0 T _Z21resolve_sib_scale_gasPcPK15bxInstruction_cPPKcj
00000000000a55b0 T _Z21serial_options_parserPKciPPc
00000000000f8e00 T _Z22apic_bus_broadcast_smiv
00000000000ecd60 T _Z22bw_slice_note_prefetchy
00000000000eda30 T _Z22bw_slice_ticks_reachedv
000000000012deb0 T _Z22bx_instr_prefetch_hintjjjj
000000000012de20 T _Z22bx_instr_ucnear_branchjjjj
00000000000951c0 T _Z22bx_write_configurationPKci
00000000000aa1f0 T _Z22parport_options_parserPKciPPc
00000000000c5a50 T _Z22speaker_options_parserPKciPPc
00000000000ee1f0 T _Z23bw_slice_note_completedv
00000000000ebfd0 T _Z23bw_slice_note_tlb_flushv
000000000008fb30 T _Z23bx_init_displaylib_listv
000000000008f9e0 T _Z23bx_opt_plugin_availablePKc
000000000008f0a0 T _Z23bx_param_string_handlerP17bx_param_string_cbPKcS2_i
0000000000094720 T _Z23bx_write_floppy_optionsP8_IO_FILEi
00000000000f0dd0 T _Z23evex_displ8_compressionPK15bxInstruction_cjjjj
00000000000d9240 T _Z23hdimage_restore_handlerPvP10bx_param_cl
0000000000118b50 T _Z23resolve_sib_scale_intelPcPK15bxInstruction_cPPKcj
000000000012ded0 T _Z24bx_instr_after_executionjP15bxInstruction_c
00000000000902a0 T _Z24bx_parse_param_from_listPKcS0_P9bx_list_c
0000000000090440 T _Z24bx_parse_usb_port_paramsPKcS0_iP9bx_list_c
000000000012d380 T _Z24bx_text_config_interfacei
000000000012dec0 T _Z25bx_instr_before_executionjP15bxInstruction_c
000000000012dee0 T _Z25bx_instr_repeat_iterationjP15bxInstruction_c
000000000008c6f0 T _Z25bx_sr_after_restore_statev
00000000000951b0 T _Z25bx_write_debugger_optionsP8_IO_FILE
00000000000dcc10 T _Z25hdimage_detect_image_modePKcPS0_
000000000008c510 T _Z25load_and_init_display_libv
000000000011d950 T _Z25memory_param_save_handlerPvP10bx_param_c
0000000000149590 T _Z25normalizeFloat16SubnormaltPsPt
0000000000149790 T _Z25normalizeFloat32SubnormaljPsPj
0000000000149a60 T _Z25normalizeFloat64SubnormalmPsPm
00000000000edbb0 T _Z26bw_slice_rep_pre_iterationv
000000000013e5f0 T _Z26floatx80_ieee754_remainder8floatx80S_RS_RmR14float_status_t
00000000000f1a20 T _Z26get_gas_disasm_opcode_namet
000000000014a720 T _Z26normalizeFloat128SubnormalmmPiPmS0_
0000000000149e00 T _Z26normalizeFloatx80SubnormalmPiPm
00000000000edc40 T _Z27bw_slice_note_rep_iterationv
000000000012de00 T _Z27bx_instr_cnear_branch_takenjjj
0000000000094b80 T _Z27bx_write_clock_cmos_optionsP8_IO_FILE
000000000012b6e0 T _Z28build_runtime_options_promptPKcPci
000000000008c720 T _Z28bx_set_log_actions_by_deviceb
00000000000c2d60 T _Z28get_device_handle_from_paramP10bx_param_c
000000000008f230 T _Z28get_floppy_devtype_from_typei
00000000000f1a00 T _Z28get_intel_disasm_opcode_namet
000000000011db80 T _Z28memory_param_restore_handlerPvP10bx_param_cl
0000000000149a10 T _Z28normalizeRoundAndPackFloat32isjR14float_status_t
0000000000149d90 T _Z28normalizeRoundAndPackFloat64ismR14float_status_t
0000000000149e70 T _Z29SoftFloatRoundAndPackFloatx80iiimmR14float_status_t
00000000000ec4a0 T _Z29bw_slice_note_fault_deliveredv
00000000000edcc0 T _Z29bw_slice_rep_budget_exhaustedv
000000000008fa40 T _Z29bx_init_config_interface_listv
000000000014ab30 T _Z29normalizeRoundAndPackFloat128iimmR14float_status_t
000000000014a680 T _Z29normalizeRoundAndPackFloatx80iiimmR14float_status_t
00000000001424b0 T _Z30float32_to_int32_round_to_zerojR14float_status_t
00000000001426a0 T _Z30float32_to_int64_round_to_zerojR14float_status_t
0000000000143f80 T _Z30float64_to_int32_round_to_zeromR14float_status_t
0000000000144170 T _Z30float64_to_int64_round_to_zeromR14float_status_t
000000000012de10 T _Z31bx_instr_cnear_branch_not_takenjj
0000000000142550 T _Z31float32_to_uint32_round_to_zerojR14float_status_t
0000000000142750 T _Z31float32_to_uint64_round_to_zerojR14float_status_t
0000000000144020 T _Z31float64_to_uint32_round_to_zeromR14float_status_t
0000000000144230 T _Z31float64_to_uint64_round_to_zeromR14float_status_t
0000000000148520 T _Z31floatx80_to_int16_round_to_zero8floatx80R14float_status_t
0000000000146320 T _Z31floatx80_to_int32_round_to_zero8floatx80R14float_status_t
0000000000146460 T _Z31floatx80_to_int64_round_to_zero8floatx80R14float_status_t
0000000000131a90 T _Z31i387cw_to_softfloat_status_wordt
00000000000edc60 T _Z38bw_slice_note_successful_rep_iterationv
000000000013ed20 T _Z4fcosR8floatx80R14float_status_t
000000000013ed00 T _Z4fsinR8floatx80R14float_status_t
000000000013ed40 T _Z4ftanR8floatx80R14float_status_t
000000000009b980 T _Z5crc32PKhi
000000000013f030 T _Z5f2xm18floatx80R14float_status_t
000000000013f2b0 T _Z5fyl2x8floatx80S_R14float_status_t
000000000012b470 T _Z6ask_ynPKcS0_jPj
000000000008e3a0 T _Z6bxmainv
0000000000119b70 T _Z6disasmPKhbbPcP15bxInstruction_cjj13BxDisasmStyle
0000000000119900 T _Z6disasmPcPK15bxInstruction_cjj13BxDisasmStyle
000000000013fca0 T _Z6fpatan8floatx80S_R14float_status_t
000000000014ad40 T _Z7OddPoly8float128PS_iR14float_status_t
000000000012b0c0 T _Z7ask_intPKcS0_iiiPi
000000000012d210 T _Z7do_menuPKc
000000000013ea30 T _Z7fsincos8floatx80PS_S0_R14float_status_t
000000000013f740 T _Z7fyl2xp18floatx80S_R14float_status_t
000000000014ac80 T _Z8EvalPoly8float128PS_iR14float_status_t
000000000014ad00 T _Z8EvenPoly8float128PS_iR14float_status_t
000000000012b250 T _Z8ask_menuPKcS0_iPS0_iPi
000000000012ae50 T _Z8ask_uintPKcS0_jjjPji
0000000000118b40 T _Z8dis_putcPcc
00000000000cb030 T _Z8muldiv64mjj
000000000012c870 T _Z8text_askP10bx_param_c
000000000012f880 T _Z9FPU_tagofRK8floatx80
000000000008e570 T _Z9bx_atexitv
00000000000f13a0 T _Z9decoder32PKhRjP15bxInstruction_cjjPKv
00000000000f0070 T _Z9handleSMCjj
000000000012a6c0 W _ZN10bx_param_c10dump_paramEP8_IO_FILE
000000000012a6d0 W _ZN10bx_param_c10dump_paramEPcib
000000000012a6b0 W _ZN10bx_param_c11parse_paramEPKc
000000000012a6a0 W _ZN10bx_param_c11set_enabledEb
00000000001287a0 T _ZN10bx_param_c14get_param_pathEPci
00000000001286e0 T _ZN10bx_param_c14set_ask_formatEPKc
00000000001284b0 T _ZN10bx_param_c15set_descriptionEPKc
0000000000099700 W _ZN10bx_param_c17set_runtime_paramEb
0000000000128810 T _ZN10bx_param_c18set_default_formatEPKc
0000000001a60858 B _ZN10bx_param_c19default_text_formatE
000000000012a690 W _ZN10bx_param_c5resetEv
0000000000128740 T _ZN10bx_param_c9set_groupEPKc
00000000001285c0 T _ZN10bx_param_c9set_labelEPKc
0000000000128510 T _ZN10bx_param_cC1EjPKcS1_
0000000000128620 T _ZN10bx_param_cC1EjPKcS1_S1_
0000000000128510 T _ZN10bx_param_cC2EjPKcS1_
0000000000128620 T _ZN10bx_param_cC2EjPKcS1_S1_
0000000000128370 T _ZN10bx_param_cD0Ev
00000000001282d0 T _ZN10bx_param_cD1Ev
00000000001282d0 T _ZN10bx_param_cD2Ev
00000000000c8440 T _ZN10bx_piix3_c11pci_set_irqEhjb
00000000000c79f0 T _ZN10bx_piix3_c12read_handlerEPvjj
00000000000c8200 T _ZN10bx_piix3_c13write_handlerEPvjjj
00000000000c7b10 T _ZN10bx_piix3_c14register_stateEv
00000000000c8910 T _ZN10bx_piix3_c16pci_register_irqEjh
00000000000c89d0 T _ZN10bx_piix3_c17pci_write_handlerEhjj
00000000000c8790 T _ZN10bx_piix3_c18pci_unregister_irqEjh
00000000000c7ab0 T _ZN10bx_piix3_c19after_restore_stateEv
00000000000c7e50 T _ZN10bx_piix3_c4initEv
00000000000c8820 T _ZN10bx_piix3_c5resetEj
00000000000c8630 T _ZN10bx_piix3_cC1Ev
00000000000c8630 T _ZN10bx_piix3_cC2Ev
00000000000c81e0 T _ZN10bx_piix3_cD0Ev
00000000000c8140 T _ZN10bx_piix3_cD1Ev
00000000000c8140 T _ZN10bx_piix3_cD2Ev
00000000001201a0 T _ZN11bx_keymap_c10loadKeymapEPFjPKcE
000000000011fc90 T _ZN11bx_keymap_c10loadKeymapEPFjPKcES1_
0000000000120240 T _ZN11bx_keymap_c11findHostKeyEj
0000000000120370 T _ZN11bx_keymap_c12getBXKeyNameEj
00000000001202c0 T _ZN11bx_keymap_c13findAsciiCharEh
000000000011fc30 T _ZN11bx_keymap_c14isKeymapLoadedEv
000000000011fc40 T _ZN11bx_keymap_c20convertStringToBXKeyEPKc
000000000011fbe0 T _ZN11bx_keymap_cC1Ev
000000000011fbe0 T _ZN11bx_keymap_cC2Ev
000000000011fb00 T _ZN11bx_keymap_cD0Ev
000000000011fac0 T _ZN11bx_keymap_cD1Ev
000000000011fac0 T _ZN11bx_keymap_cD2Ev
00000000000a99a0 T _ZN11bx_serial_c10fifo_timerEv
00000000000a8800 T _ZN11bx_serial_c11rx_fifo_enqEhh
00000000000a80e0 T _ZN11bx_serial_c12read_handlerEPvjj
00000000000a89d0 T _ZN11bx_serial_c13write_handlerEPvjjj
00000000000a5790 T _ZN11bx_serial_c14register_stateEv
00000000000a8040 T _ZN11bx_serial_c15lower_interruptEh
00000000000a8630 T _ZN11bx_serial_c15raise_interruptEhi
00000000000a9af0 T _ZN11bx_serial_c16mouse_enq_staticEPviiijb
00000000000aa0d0 T _ZN11bx_serial_c16rx_timer_handlerEPv
00000000000a9990 T _ZN11bx_serial_c16tx_timer_handlerEPv
00000000000a9b00 T _ZN11bx_serial_c17update_mouse_dataEv
00000000000a99f0 T _ZN11bx_serial_c18fifo_timer_handlerEPv
00000000000a5420 T _ZN11bx_serial_c25serial_file_param_handlerEP17bx_param_string_cbPKcS3_i
00000000000a6cc0 T _ZN11bx_serial_c4initEv
00000000000aa120 W _ZN11bx_serial_c5resetEj
00000000000a9d20 T _ZN11bx_serial_c8rx_timerEv
00000000000a9640 T _ZN11bx_serial_c8tx_timerEv
00000000000a9a00 T _ZN11bx_serial_c9mouse_enqEiiijb
00000000000a7d50 T _ZN11bx_serial_cC1Ev
00000000000a7d50 T _ZN11bx_serial_cC2Ev
00000000000a6ca0 T _ZN11bx_serial_cD0Ev
00000000000a6a40 T _ZN11bx_serial_cD1Ev
00000000000a6a40 T _ZN11bx_serial_cD2Ev
000000000008a9b0 T _ZN11iofunctions12remove_logfnEP12logfunctions
000000000008aab0 T _ZN11iofunctions14set_log_actionEii
000000000008abf0 T _ZN11iofunctions14set_log_prefixEPKc
000000000008ac10 T _ZN11iofunctions3outEiPKcS1_P13__va_list_tag
000000000008b3b0 T _ZN11iofunctions4initEv
000000000008a940 T _ZN11iofunctions5flushEv
000000000008ab90 T _ZN11iofunctions8exit_logEv
000000000008ab20 T _ZN11iofunctions8init_logEP8_IO_FILE
000000000008bbf0 T _ZN11iofunctions8init_logEPKc
000000000008bef0 T _ZN11iofunctions8init_logEi
000000000008a970 T _ZN11iofunctions9add_logfnEP12logfunctions
000000000008b460 T _ZN11iofunctionsC1EP8_IO_FILE
000000000008bcc0 T _ZN11iofunctionsC1EPKc
000000000008bf70 T _ZN11iofunctionsC1Ei
000000000008b550 T _ZN11iofunctionsC1Ev
000000000008b460 T _ZN11iofunctionsC2EP8_IO_FILE
000000000008bcc0 T _ZN11iofunctionsC2EPKc
000000000008bf70 T _ZN11iofunctionsC2Ei
000000000008b550 T _ZN11iofunctionsC2Ev
000000000008afe0 T _ZN11iofunctionsD1Ev
000000000008afe0 T _ZN11iofunctionsD2Ev
00000000000e1890 T _ZN11vpc_image_t10save_stateEPKc
00000000000e2150 T _ZN11vpc_image_t11alloc_blockEl
00000000000e1920 T _ZN11vpc_image_t12check_formatEim
00000000000e1d90 T _ZN11vpc_image_t13restore_stateEPKc
00000000000e2120 T _ZN11vpc_image_t14rewrite_footerEv
00000000000e1800 T _ZN11vpc_image_t16get_capabilitiesEv
00000000000e1ee0 T _ZN11vpc_image_t17get_sector_offsetEli
00000000000e19f0 T _ZN11vpc_image_t4openEPKci
00000000000e1fd0 T _ZN11vpc_image_t4readEPvm
00000000000e18a0 T _ZN11vpc_image_t5closeEv
00000000000e1810 T _ZN11vpc_image_t5lseekEli
00000000000e22c0 T _ZN11vpc_image_t5writeEPKvm
00000000000e23d0 W _ZN11vpc_image_tD0Ev
00000000000e23c0 W _ZN11vpc_image_tD1Ev
00000000000e23c0 W _ZN11vpc_image_tD2Ev
00000000000b49d0 T _ZN12bx_biosdev_c13write_handlerEPvjjj
00000000000b48b0 T _ZN12bx_biosdev_c4initEv
00000000000b4ed0 W _ZN12bx_biosdev_c5resetEj
00000000000b4d50 T _ZN12bx_biosdev_cC1Ev
00000000000b4d50 T _ZN12bx_biosdev_cC2Ev
00000000000b4890 T _ZN12bx_biosdev_cD0Ev
00000000000b4820 T _ZN12bx_biosdev_cD1Ev
00000000000b4820 T _ZN12bx_biosdev_cD2Ev
000000000009bf20 T _ZN12bx_devices_c10init_stubsEv
000000000009dc20 T _ZN12bx_devices_c11paste_bytesEPhi
000000000009d870 T _ZN12bx_devices_c12gen_scancodeEj
000000000009ef50 T _ZN12bx_devices_c12mouse_motionEiiijb
000000000009bc40 T _ZN12bx_devices_c12read_handlerEPvjj
000000000009c630 T _ZN12bx_devices_c12register_irqEjPKc
000000000009d940 T _ZN12bx_devices_c12release_keysEv
000000000009ef20 T _ZN12bx_devices_c13param_handlerEP10bx_param_cbl
000000000009dc10 T _ZN12bx_devices_c13timer_handlerEPv
00000000000a0130 T _ZN12bx_devices_c13write_handlerEPvjjj
000000000009d690 T _ZN12bx_devices_c14is_agp_presentEv
000000000009c390 T _ZN12bx_devices_c14register_stateEv
000000000009c6e0 T _ZN12bx_devices_c14unregister_irqEjPKc
000000000009f5a0 T _ZN12bx_devices_c15pci_set_base_ioEPvPFjS0_jjEPFvS0_jjjEPjPhjPKhPKc
000000000009d6b0 T _ZN12bx_devices_c16add_sound_deviceEv
000000000009d8f0 T _ZN12bx_devices_c16kbd_get_elementsEv
000000000009f460 T _ZN12bx_devices_c16pci_set_base_memEPvPFbjjS0_S0_ES2_PjPhj
000000000009ed20 T _ZN12bx_devices_c17kbd_set_indicatorEhhb
000000000009d9f0 T _ZN12bx_devices_c17service_paste_bufEv
000000000009d5c0 T _ZN12bx_devices_c18is_harddrv_enabledEv
000000000009c470 T _ZN12bx_devices_c19after_restore_stateEv
000000000009dcb0 T _ZN12bx_devices_c19paste_delay_changedEj
000000000009d6c0 T _ZN12bx_devices_c19remove_sound_deviceEv
000000000009bb60 T _ZN12bx_devices_c20default_read_handlerEPvjj
000000000009bb70 T _ZN12bx_devices_c21default_write_handlerEPvjjj
000000000009ed70 T _ZN12bx_devices_c21mouse_enabled_changedEb
000000000009efb0 T _ZN12bx_devices_c21register_pci_handlersEP15bx_pci_device_cPhPKcS4_h
000000000009d7e0 T _ZN12bx_devices_c22register_default_mouseEPvPFvS0_iiijbEPFvS0_bE
000000000009c7b0 T _ZN12bx_devices_c24register_io_read_handlerEPvPFjS0_jjEjPKch
000000000009d810 T _ZN12bx_devices_c24register_removable_mouseEPvPFvS0_iiijbEPFvS0_bE
000000000009d6d0 T _ZN12bx_devices_c25register_default_keyboardEPvPFbS0_jEPFhS0_E
000000000009c980 T _ZN12bx_devices_c25register_io_write_handlerEPvPFvS0_jjjEjPKch
000000000009d150 T _ZN12bx_devices_c26unregister_io_read_handlerEPvPFjS0_jjEjh
000000000009d840 T _ZN12bx_devices_c26unregister_removable_mouseEPv
000000000009d760 T _ZN12bx_devices_c27register_removable_keyboardEPvPFbS0_jEPFhS0_Eh
000000000009d270 T _ZN12bx_devices_c27unregister_io_write_handlerEPvPFvS0_jjjEjh
000000000009d7a0 T _ZN12bx_devices_c29unregister_removable_keyboardEPv
000000000009cb50 T _ZN12bx_devices_c30register_io_read_handler_rangeEPvPFjS0_jjEjjPKch
000000000009cdd0 T _ZN12bx_devices_c31register_io_write_handler_rangeEPvPFvS0_jjjEjjPKch
000000000009d050 T _ZN12bx_devices_c32register_default_io_read_handlerEPvPFjS0_jjEPKch
000000000009d300 T _ZN12bx_devices_c32unregister_io_read_handler_rangeEPvPFjS0_jjEjjh
000000000009d0d0 T _ZN12bx_devices_c33register_default_io_write_handlerEPvPFvS0_jjjEPKch
000000000009d390 T _ZN12bx_devices_c33unregister_io_write_handler_rangeEPvPFvS0_jjjEjjh
000000000009d420 T _ZN12bx_devices_c3inpEtj
000000000009c4a0 T _ZN12bx_devices_c4exitEv
000000000009dcf0 T _ZN12bx_devices_c4initEP8BX_MEM_C
000000000009d500 T _ZN12bx_devices_c4outpEtjj
000000000009d9a0 T _ZN12bx_devices_c5resetEj
000000000009db80 T _ZN12bx_devices_c5timerEv
000000000009bfa0 T _ZN12bx_devices_cC1Ev
000000000009bfa0 T _ZN12bx_devices_cC2Ev
000000000009bf00 T _ZN12bx_devices_cD0Ev
000000000009bd70 T _ZN12bx_devices_cD1Ev
000000000009bd70 T _ZN12bx_devices_cD2Ev
00000000000c8dd0 T _ZN12bx_pci_ide_c12read_handlerEPvjj
00000000000c8d80 T _ZN12bx_pci_ide_c13bmdma_presentEv
00000000000c9190 T _ZN12bx_pci_ide_c13bmdma_set_irqEh
00000000000ca4d0 T _ZN12bx_pci_ide_c13timer_handlerEPv
00000000000c9010 T _ZN12bx_pci_ide_c13write_handlerEPvjjj
00000000000c9310 T _ZN12bx_pci_ide_c14register_stateEv
00000000000c91c0 T _ZN12bx_pci_ide_c17pci_write_handlerEhjj
00000000000c8eb0 T _ZN12bx_pci_ide_c18param_save_handlerEPvP10bx_param_c
00000000000c8ea0 T _ZN12bx_pci_ide_c19after_restore_stateEv
00000000000c8da0 T _ZN12bx_pci_ide_c20bmdma_start_transferEh
00000000000c8f60 T _ZN12bx_pci_ide_c21param_restore_handlerEPvP10bx_param_cl
00000000000c9890 T _ZN12bx_pci_ide_c4initEv
00000000000c9730 T _ZN12bx_pci_ide_c5resetEj
00000000000c9d70 T _ZN12bx_pci_ide_c5timerEv
00000000000c9be0 T _ZN12bx_pci_ide_cC1Ev
00000000000c9be0 T _ZN12bx_pci_ide_cC2Ev
00000000000c9bc0 T _ZN12bx_pci_ide_cD0Ev
00000000000c9b00 T _ZN12bx_pci_ide_cD1Ev
00000000000c9b00 T _ZN12bx_pci_ide_cD2Ev
00000000000c5be0 T _ZN12bx_speaker_c4initEv
00000000000c5e00 T _ZN12bx_speaker_c5resetEj
00000000000c5890 T _ZN12bx_speaker_c7beep_onEf
00000000000c5960 T _ZN12bx_speaker_c8beep_offEv
00000000000c5870 T _ZN12bx_speaker_c8set_lineEb
00000000000c6000 T _ZN12bx_speaker_cC1Ev
00000000000c6000 T _ZN12bx_speaker_cC2Ev
00000000000c5a30 T _ZN12bx_speaker_cD0Ev
00000000000c59d0 T _ZN12bx_speaker_cD1Ev
00000000000c59d0 T _ZN12bx_speaker_cD2Ev
00000000000d3b10 T _ZN12bx_vgacore_c11redraw_areaEjjjj
00000000000d7580 T _ZN12bx_vgacore_c11skip_updateEv
00000000000d68a0 T _ZN12bx_vgacore_c12read_handlerEPvjj
00000000000d3a30 T _ZN12bx_vgacore_c12set_overrideEbPv
00000000000d7450 T _ZN12bx_vgacore_c13get_vga_pixelEttttbPPh
00000000000d7440 T _ZN12bx_vgacore_c13write_handlerEPvjjj
00000000000d2ac0 T _ZN12bx_vgacore_c15get_crtc_paramsEP16bx_crtc_params_tPj
00000000000d40e0 T _ZN12bx_vgacore_c15init_iohandlersEPFjPvjjEPFvS0_jjjE
00000000000d3cc0 T _ZN12bx_vgacore_c15refresh_displayEPvb
00000000000d3c10 T _ZN12bx_vgacore_c15vga_redraw_areaEjjjj
00000000000d4340 T _ZN12bx_vgacore_c16init_systemtimerEv
00000000000d2b50 T _ZN12bx_vgacore_c16mem_read_handlerEjjPvS0_
00000000000d3ab0 T _ZN12bx_vgacore_c17get_text_snapshotEPPhPjS2_
00000000000d4530 T _ZN12bx_vgacore_c17init_standard_vgaEv
00000000000d2d90 T _ZN12bx_vgacore_c17mem_write_handlerEjjPvS0_
00000000000d3d30 T _ZN12bx_vgacore_c17vga_param_handlerEP10bx_param_cbl
00000000000d3c60 T _ZN12bx_vgacore_c17vga_timer_handlerEPv
00000000000d8510 W _ZN12bx_vgacore_c18init_vga_extensionEv
00000000000d60b0 T _ZN12bx_vgacore_c19after_restore_stateEv
00000000000d48d0 T _ZN12bx_vgacore_c22vgacore_register_stateEP9bx_list_c
00000000000d5ee0 T _ZN12bx_vgacore_c24calculate_retrace_timingEv
00000000000d5e70 T _ZN12bx_vgacore_c27determine_screen_dimensionsEPjS0_
00000000000d46d0 T _ZN12bx_vgacore_c4initEv
00000000000d6190 T _ZN12bx_vgacore_c4readEjj
00000000000d8500 W _ZN12bx_vgacore_c5resetEj
00000000000d68b0 T _ZN12bx_vgacore_c5writeEjjjb
00000000000d7640 T _ZN12bx_vgacore_c6updateEv
00000000000d3f60 T _ZN12bx_vgacore_c8init_guiEv
00000000000d2bb0 T _ZN12bx_vgacore_c8mem_readEj
00000000000d2df0 T _ZN12bx_vgacore_c9mem_writeEjh
00000000000d3ee0 T _ZN12bx_vgacore_cC1Ev
00000000000d3ee0 T _ZN12bx_vgacore_cC2Ev
00000000000d3ec0 T _ZN12bx_vgacore_cD0Ev
00000000000d3df0 T _ZN12bx_vgacore_cD1Ev
00000000000d3df0 T _ZN12bx_vgacore_cD2Ev
00000000000ddf50 T _ZN12cdrom_base_c10read_blockEPhji
00000000000dda10 T _ZN12cdrom_base_c11eject_cdromEv
00000000000ddab0 T _ZN12cdrom_base_c11start_cdromEv
00000000000ddde0 T _ZN12cdrom_base_c12insert_cdromEPKc
00000000000dd9c0 T _ZN12cdrom_base_c4seekEj
00000000000de080 T _ZN12cdrom_base_c8capacityEv
00000000000ddae0 T _ZN12cdrom_base_c8read_tocEPhPibii
00000000000de170 T _ZN12cdrom_base_cC1EPKc
00000000000de170 T _ZN12cdrom_base_cC2EPKc
00000000000dda90 T _ZN12cdrom_base_cD0Ev
00000000000dda40 T _ZN12cdrom_base_cD1Ev
00000000000dda40 T _ZN12cdrom_base_cD2Ev
00000000000de270 T _ZN12cdrom_misc_c11eject_cdromEv
00000000000de230 T _ZN12cdrom_misc_c11start_cdromEv
00000000000de6f0 T _ZN12cdrom_misc_c8capacityEv
00000000000de2c0 T _ZN12cdrom_misc_c8read_tocEPhPibii
00000000000de9a0 W _ZN12cdrom_misc_cD0Ev
00000000000de980 W _ZN12cdrom_misc_cD1Ev
00000000000de980 W _ZN12cdrom_misc_cD2Ev
00000000000d9f20 T _ZN12flat_image_t10save_stateEPKc
00000000000da190 T _ZN12flat_image_t12check_formatEim
00000000000da0a0 T _ZN12flat_image_t13restore_stateEPKc
00000000000d9ce0 T _ZN12flat_image_t4openEPKci
00000000000d8cf0 T _ZN12flat_image_t4readEPvm
00000000000d9a00 T _ZN12flat_image_t5closeEv
00000000000d8ce0 T _ZN12flat_image_t5lseekEli
00000000000d8d00 T _ZN12flat_image_t5writeEPKvm
00000000000dd9b0 W _ZN12flat_image_tD0Ev
00000000000dd930 W _ZN12flat_image_tD1Ev
00000000000dd930 W _ZN12flat_image_tD2Ev
00000000001ae440 D _ZN12logfunctions13default_onoffE
000000000008b5a0 T _ZN12logfunctions3askEiPKcS1_P13__va_list_tag
000000000008b150 T _ZN12logfunctions3putEPKc
000000000008b020 T _ZN12logfunctions3putEPKcS1_
000000000008b1c0 T _ZN12logfunctions4infoEPKcz
000000000008b560 T _ZN12logfunctions4warnEiPKcS1_P13__va_list_tag
000000000008b9e0 T _ZN12logfunctions5errorEPKcz
000000000008b7e0 T _ZN12logfunctions5fatalEiPKcS1_P13__va_list_tagi
000000000008bcf0 T _ZN12logfunctions5panicEPKcz
000000000008b000 T _ZN12logfunctions5setioEP11iofunctions
000000000008bfa0 T _ZN12logfunctions6fatal1EPKcz
000000000008b2c0 T _ZN12logfunctions6ldebugEPKcz
000000000008b0e0 T _ZN12logfunctionsC1EP11iofunctions
000000000008b490 T _ZN12logfunctionsC1Ev
000000000008b0e0 T _ZN12logfunctionsC2EP11iofunctions
000000000008b490 T _ZN12logfunctionsC2Ev
000000000008aa90 T _ZN12logfunctionsD0Ev
000000000008aa40 T _ZN12logfunctionsD1Ev
000000000008aa40 T _ZN12logfunctionsD2Ev
00000000000ded00 T _ZN12vbox_image_t10read_blockEj
00000000000de9e0 T _ZN12vbox_image_t10save_stateEPKc
000000000016f008 R _ZN12vbox_image_t11SECTOR_SIZEE
00000000000deb80 T _ZN12vbox_image_t11read_headerEv
00000000000dee20 T _ZN12vbox_image_t11write_blockEj
00000000000deac0 T _ZN12vbox_image_t12check_formatEim
00000000000df4b0 T _ZN12vbox_image_t12perform_seekEv
00000000000df0f0 T _ZN12vbox_image_t13restore_stateEPKc
000000000016f010 R _ZN12vbox_image_t14INVALID_OFFSETE
00000000000de9d0 T _ZN12vbox_image_t16get_capabilitiesEv
00000000000df220 T _ZN12vbox_image_t4openEPKci
00000000000df550 T _ZN12vbox_image_t4readEPvm
00000000000df090 T _ZN12vbox_image_t5closeEv
00000000000def50 T _ZN12vbox_image_t5flushEv
00000000000de9f0 T _ZN12vbox_image_t5lseekEli
00000000000df600 T _ZN12vbox_image_t5writeEPKvm
00000000000dea60 T _ZN12vbox_image_tC1Ev
00000000000dea60 T _ZN12vbox_image_tC2Ev
00000000000df0d0 T _ZN12vbox_image_tD0Ev
00000000000df0b0 T _ZN12vbox_image_tD1Ev
00000000000df0b0 T _ZN12vbox_image_tD2Ev
000000000009b960 W _ZN13bx_devmodel_c14register_stateEv
000000000009b970 W _ZN13bx_devmodel_c19after_restore_stateEv
000000000009b940 W _ZN13bx_devmodel_c4initEv
000000000009b950 W _ZN13bx_devmodel_c5resetEj
00000000000a0a90 W _ZN13bx_devmodel_cD0Ev
00000000000a0480 W _ZN13bx_devmodel_cD1Ev
00000000000a0480 W _ZN13bx_devmodel_cD2Ev
00000000000a0630 W _ZN13bx_dma_stub_c10raise_HLDAEv
00000000000a0750 W _ZN13bx_dma_stub_c19registerDMA8ChannelEjPFtPhtES2_PKc
00000000000a0710 W _ZN13bx_dma_stub_c20registerDMA16ChannelEjPFtPttES2_PKc
00000000000a06d0 W _ZN13bx_dma_stub_c20unregisterDMAChannelEj
00000000000a0690 W _ZN13bx_dma_stub_c6get_TCEv
00000000000a0660 W _ZN13bx_dma_stub_c7set_DRQEjb
00000000000a0ac0 W _ZN13bx_dma_stub_cD0Ev
00000000000a04c0 W _ZN13bx_dma_stub_cD1Ev
00000000000a04c0 W _ZN13bx_dma_stub_cD2Ev
00000000000aae20 T _ZN13bx_parallel_c12read_handlerEPvjj
00000000000ab750 T _ZN13bx_parallel_c13write_handlerEPvjjj
00000000000aa9f0 T _ZN13bx_parallel_c14register_stateEv
00000000000ab590 T _ZN13bx_parallel_c15virtual_printerEh
00000000000aa140 T _ZN13bx_parallel_c26parport_file_param_handlerEP17bx_param_string_cbPKcS3_i
00000000000aa5d0 T _ZN13bx_parallel_c4initEv
00000000000aa130 T _ZN13bx_parallel_c5resetEj
00000000000ab360 T _ZN13bx_parallel_cC1Ev
00000000000ab360 T _ZN13bx_parallel_cC2Ev
00000000000aa5b0 T _ZN13bx_parallel_cD0Ev
00000000000aa4d0 T _ZN13bx_parallel_cD1Ev
00000000000aa4d0 T _ZN13bx_parallel_cD2Ev
000000000009a940 W _ZN13bx_pic_stub_c3IACEv
00000000000a0840 W _ZN13bx_pic_stub_c8set_modeEbh
00000000000a0870 W _ZN13bx_pic_stub_c9lower_irqEj
00000000000a08a0 W _ZN13bx_pic_stub_c9raise_irqEj
00000000000a0b20 W _ZN13bx_pic_stub_cD0Ev
00000000000a0500 W _ZN13bx_pic_stub_cD1Ev
00000000000a0500 W _ZN13bx_pic_stub_cD2Ev
00000000000a08d0 W _ZN13bx_pit_stub_c10enable_irqEb
00000000000a0b50 W _ZN13bx_pit_stub_cD0Ev
00000000000a0520 W _ZN13bx_pit_stub_cD1Ev
00000000000a0520 W _ZN13bx_pit_stub_cD2Ev
00000000001263d0 T _ZN13bx_real_sim_c10ask_yes_noEPKcS1_b
0000000000123d60 T _ZN13bx_real_sim_c10get_prefixEi
0000000000126520 T _ZN13bx_real_sim_c10refresh_ciEv
0000000000126fa0 T _ZN13bx_real_sim_c10save_stateEPKc
0000000000125e80 T _ZN13bx_real_sim_c11message_boxEPKcS1_
0000000000127710 W _ZN13bx_real_sim_c11refresh_vgaEv
00000000001262a0 T _ZN13bx_real_sim_c12ask_filenameEPKciS1_S1_i
0000000000127510 W _ZN13bx_real_sim_c12gen_param_idEv
00000000001277f0 W _ZN13bx_real_sim_c12get_first_hdEv
0000000000124390 T _ZN13bx_real_sim_c12get_log_fileEPci
0000000000124280 T _ZN13bx_real_sim_c12get_logfn_idEPKc
0000000000124470 T _ZN13bx_real_sim_c12set_log_fileEPKc
0000000000127530 W _ZN13bx_real_sim_c13get_exit_codeEv
0000000000127500 W _ZN13bx_real_sim_c13get_init_doneEv
0000000000125b60 T _ZN13bx_real_sim_c13get_param_numEPKcP10bx_param_c
0000000000127560 W _ZN13bx_real_sim_c13handle_eventsEv
0000000000124a90 T _ZN13bx_real_sim_c13is_agp_deviceEPKc
0000000000124c70 T _ZN13bx_real_sim_c13is_pci_deviceEPKc
0000000000123dd0 T _ZN13bx_real_sim_c13is_sim_threadEv
00000000001269b0 T _ZN13bx_real_sim_c13save_sr_paramEP8_IO_FILEP10bx_param_cPKci
0000000000127590 W _ZN13bx_real_sim_c13set_debug_guiEb
0000000000123d10 T _ZN13bx_real_sim_c13set_init_doneEb
00000000001277b0 W _ZN13bx_real_sim_c14get_bochs_rootEv
0000000000124350 T _ZN13bx_real_sim_c14get_default_rcEPci
00000000001247b0 T _ZN13bx_real_sim_c14get_log_actionEii
00000000001243d0 T _ZN13bx_real_sim_c14get_log_prefixEPci
0000000000123d40 T _ZN13bx_real_sim_c14get_logfn_nameEi
00000000001259e0 T _ZN13bx_real_sim_c14get_param_boolEPKcP10bx_param_c
0000000000125aa0 T _ZN13bx_real_sim_c14get_param_enumEPKcP10bx_param_c
0000000000124310 T _ZN13bx_real_sim_c14is_action_nameEPKc
0000000000124840 T _ZN13bx_real_sim_c14restore_configEv
0000000000125f20 T _ZN13bx_real_sim_c14set_log_actionEiii
00000000001244a0 T _ZN13bx_real_sim_c14set_log_prefixEPKc
0000000000127540 W _ZN13bx_real_sim_c14set_log_viewerEb
00000000001242f0 T _ZN13bx_real_sim_c15get_action_nameEi
0000000000127800 W _ZN13bx_real_sim_c15get_first_cdromEv
00000000001252d0 T _ZN13bx_real_sim_c15init_statisticsEv
0000000000124070 T _ZN13bx_real_sim_c15is_addon_optionEPKc
0000000000124900 T _ZN13bx_real_sim_c15opt_plugin_ctrlEPKcb
0000000000124270 T _ZN13bx_real_sim_c15reset_all_paramEv
0000000000124dc0 T _ZN13bx_real_sim_c15restore_logoptsEv
00000000001245f0 T _ZN13bx_real_sim_c15sim_to_ci_eventEP7BxEvent
0000000000124500 T _ZN13bx_real_sim_c16begin_simulationEiPPc
0000000000125c20 T _ZN13bx_real_sim_c16get_param_stringEPKcP10bx_param_c
0000000000124570 T _ZN13bx_real_sim_c16parse_nic_paramsEPKcS1_P9bx_list_c
0000000000125ce0 T _ZN13bx_real_sim_c16restore_hardwareEv
00000000001276d0 W _ZN13bx_real_sim_c16set_display_modeE11disp_mode_t
00000000001274f0 W _ZN13bx_real_sim_c16set_quit_contextEPA1_13__jmp_buf_tag
00000000001245d0 T _ZN13bx_real_sim_c16write_param_listEP8_IO_FILEP9bx_list_cPKcb
00000000001246b0 T _ZN13bx_real_sim_c17create_disk_imageEPKcib
0000000000127520 W _ZN13bx_real_sim_c17get_max_log_levelEv
0000000000123d20 T _ZN13bx_real_sim_c17get_n_log_modulesEv
0000000000125380 T _ZN13bx_real_sim_c17init_save_restoreEv
00000000001245b0 T _ZN13bx_real_sim_c17split_option_listEPKcS1_PPci
00000000001251d0 T _ZN13bx_real_sim_c18cleanup_statisticsEv
0000000000124330 T _ZN13bx_real_sim_c18get_log_level_nameEi
00000000001241f0 T _ZN13bx_real_sim_c18parse_addon_optionEPKciPPc
0000000000123e00 T _ZN13bx_real_sim_c18save_addon_optionsEP8_IO_FILE
0000000000126830 T _ZN13bx_real_sim_c19get_first_atadeviceEj
0000000000123d90 T _ZN13bx_real_sim_c19get_notify_callbackEPPFP7BxEventPvS1_EPS2_
0000000000127770 W _ZN13bx_real_sim_c19get_statistics_rootEv
0000000000125440 T _ZN13bx_real_sim_c19restore_bochs_paramEP9bx_list_cPKcS3_
0000000000123d80 T _ZN13bx_real_sim_c19set_notify_callbackEPFP7BxEventPvS1_ES2_
0000000000127580 W _ZN13bx_real_sim_c19set_sim_thread_funcEPFbvE
0000000000125250 T _ZN13bx_real_sim_c20cleanup_save_restoreEv
0000000000124410 T _ZN13bx_real_sim_c21get_debugger_log_fileEPci
0000000000124550 T _ZN13bx_real_sim_c21parse_param_from_listEPKcS1_P9bx_list_c
0000000000124590 T _ZN13bx_real_sim_c21parse_usb_port_paramsEPKcS1_iP9bx_list_c
00000000001240d0 T _ZN13bx_real_sim_c21register_addon_optionEPKcPFiS1_iPPcEPFiP8_IO_FILEE
00000000001244d0 T _ZN13bx_real_sim_c21set_debugger_log_fileEPKc
0000000000123df0 T _ZN13bx_real_sim_c21test_for_text_consoleEv
0000000000127690 W _ZN13bx_real_sim_c22get_default_log_actionEi
0000000000127620 W _ZN13bx_real_sim_c22set_default_log_actionEii
0000000000124510 T _ZN13bx_real_sim_c22update_runtime_optionsEv
0000000000124b30 T _ZN13bx_real_sim_c23configuration_interfaceEPKc12ci_command_t
0000000000124170 T _ZN13bx_real_sim_c23unregister_addon_optionEPKc
0000000000123f90 T _ZN13bx_real_sim_c31register_runtime_config_handlerEPvPFvS0_E
0000000000123db0 T _ZN13bx_real_sim_c32register_configuration_interfaceEPKcPFiPv12ci_command_tES2_
0000000000124010 T _ZN13bx_real_sim_c33unregister_runtime_config_handlerEi
0000000000126030 T _ZN13bx_real_sim_c7log_dlgEPKciS1_i
00000000001265c0 T _ZN13bx_real_sim_c7log_msgEPKciS1_
0000000000124450 T _ZN13bx_real_sim_c7read_rcEPKc
0000000000126190 T _ZN13bx_real_sim_c8periodicEv
0000000000124630 T _ZN13bx_real_sim_c8quit_simEi
0000000000124460 T _ZN13bx_real_sim_c8write_rcEPKci
0000000000125df0 T _ZN13bx_real_sim_c9ask_paramEP10bx_param_c
00000000001260e0 T _ZN13bx_real_sim_c9ask_paramEPKc
0000000000123f50 T _ZN13bx_real_sim_c9get_paramEPKcP10bx_param_c
00000000001266e0 T _ZN13bx_real_sim_cC1Ev
00000000001266e0 T _ZN13bx_real_sim_cC2Ev
00000000001275c0 W _ZN13bx_real_sim_cD0Ev
00000000001274e0 W _ZN13bx_real_sim_cD1Ev
00000000001274e0 W _ZN13bx_real_sim_cD2Ev
00000000000c4f60 T _ZN13bx_unmapped_c12read_handlerEPvjj
00000000000c5390 T _ZN13bx_unmapped_c13param_handlerEP10bx_param_cbl
00000000000c50c0 T _ZN13bx_unmapped_c13write_handlerEPvjjj
00000000000c53c0 T _ZN13bx_unmapped_c4initEv
00000000000c55d0 W _ZN13bx_unmapped_c5resetEj
00000000000c54c0 T _ZN13bx_unmapped_cC1Ev
00000000000c54c0 T _ZN13bx_unmapped_cC2Ev
00000000000c4f40 T _ZN13bx_unmapped_cD0Ev
00000000000c4ef0 T _ZN13bx_unmapped_cD1Ev
00000000000c4ef0 T _ZN13bx_unmapped_cD2Ev
00000000000a0930 W _ZN13bx_vga_stub_c12set_overrideEbPv
00000000000a0900 W _ZN13bx_vga_stub_c15refresh_displayEPvb
00000000000a0a00 W _ZN13bx_vga_stub_c15vga_redraw_areaEjjjj
00000000000a0960 W _ZN13bx_vga_stub_c17get_text_snapshotEPPhPjS2_
00000000000a09c0 W _ZN13bx_vga_stub_c8mem_readEj
00000000000a0990 W _ZN13bx_vga_stub_c9mem_writeEjh
00000000000a0de0 W _ZN13bx_vga_stub_cD0Ev
00000000000a0bf0 W _ZN13bx_vga_stub_cD1Ev
00000000000a0bf0 W _ZN13bx_vga_stub_cD2Ev
00000000000e2870 T _ZN13vvfat_image_t10sector2CHSEjP9mbr_chs_t
00000000000e47a0 T _ZN13vvfat_image_t10write_fileEPKcP10direntry_tb
00000000000e4730 T _ZN13vvfat_image_t12fat_get_nextEj
00000000000e6160 T _ZN13vvfat_image_t12read_clusterEi
00000000000e44e0 T _ZN13vvfat_image_t13read_direntryEPhPc
00000000000e3c30 T _ZN13vvfat_image_t14cluster2sectorEj
00000000000e5d70 T _ZN13vvfat_image_t14commit_changesEv
00000000000e3390 T _ZN13vvfat_image_t14read_directoryEi
00000000000e3c10 T _ZN13vvfat_image_t14sector2clusterEl
00000000000e5850 T _ZN13vvfat_image_t15parse_directoryEPKcj
00000000000e24c0 T _ZN13vvfat_image_t16get_capabilitiesEv
00000000000e3c50 T _ZN13vvfat_image_t16init_directoriesEPKc
00000000000e4aa0 T _ZN13vvfat_image_t18close_current_fileEv
00000000000e4d20 T _ZN13vvfat_image_t19set_file_attributesEv
00000000000e2980 T _ZN13vvfat_image_t20create_long_filenameEPKc
00000000000e4c80 T _ZN13vvfat_image_t21find_mapping_for_pathEPKc
00000000000e4450 T _ZN13vvfat_image_t21read_sector_from_fileEPKcPhj
00000000000e4c00 T _ZN13vvfat_image_t24find_mapping_for_clusterEi
00000000000e2dc0 T _ZN13vvfat_image_t26create_short_and_long_nameEjPKci
00000000000e4b00 T _ZN13vvfat_image_t28find_mapping_for_cluster_auxEiii
00000000000e4fe0 T _ZN13vvfat_image_t4openEPKci
00000000000e63b0 T _ZN13vvfat_image_t4readEPvm
00000000000e5f70 T _ZN13vvfat_image_t5closeEv
00000000000e2540 T _ZN13vvfat_image_t5lseekEli
00000000000e25d0 T _ZN13vvfat_image_t5writeEPKvm
00000000000e2c10 T _ZN13vvfat_image_t7fat_setEjj
00000000000e2ca0 T _ZN13vvfat_image_t8init_fatEv
00000000000e28d0 T _ZN13vvfat_image_t8init_mbrEv
00000000000e60f0 T _ZN13vvfat_image_t9open_fileEP9mapping_t
00000000000e27b0 T _ZN13vvfat_image_tC1EmPKc
00000000000e27b0 T _ZN13vvfat_image_tC2EmPKc
00000000000e2520 T _ZN13vvfat_image_tD0Ev
00000000000e24d0 T _ZN13vvfat_image_tD1Ev
00000000000e24d0 T _ZN13vvfat_image_tD2Ev
00000000000ca6a0 T _ZN14bx_acpi_ctrl_c12generate_smiEh
00000000000cb320 T _ZN14bx_acpi_ctrl_c12read_handlerEPvjj
00000000000cb570 T _ZN14bx_acpi_ctrl_c13pm_update_sciEv
00000000000cb220 T _ZN14bx_acpi_ctrl_c13set_irq_levelEb
00000000000cb9b0 T _ZN14bx_acpi_ctrl_c13timer_handlerEPv
00000000000cb610 T _ZN14bx_acpi_ctrl_c13write_handlerEPvjjj
00000000000ca990 T _ZN14bx_acpi_ctrl_c14register_stateEv
00000000000ca6f0 T _ZN14bx_acpi_ctrl_c17pci_write_handlerEhjj
00000000000ca5a0 T _ZN14bx_acpi_ctrl_c19after_restore_stateEv
00000000000cae10 T _ZN14bx_acpi_ctrl_c4initEv
00000000000ca4e0 T _ZN14bx_acpi_ctrl_c5resetEj
00000000000cb9a0 T _ZN14bx_acpi_ctrl_c5timerEv
00000000000cb2c0 T _ZN14bx_acpi_ctrl_c9get_pmstsEv
00000000000cb290 T _ZN14bx_acpi_ctrl_c9get_pmtmrEv
00000000000cb080 T _ZN14bx_acpi_ctrl_cC1Ev
00000000000cb080 T _ZN14bx_acpi_ctrl_cC2Ev
00000000000cb010 T _ZN14bx_acpi_ctrl_cD0Ev
00000000000caf70 T _ZN14bx_acpi_ctrl_cD1Ev
00000000000caf70 T _ZN14bx_acpi_ctrl_cD2Ev
00000000000a0560 W _ZN14bx_cmos_stub_c10enable_irqEb
00000000000a0590 W _ZN14bx_cmos_stub_c13checksum_cmosEv
00000000000a05f0 W _ZN14bx_cmos_stub_c7get_regEh
00000000000a05c0 W _ZN14bx_cmos_stub_c7set_regEhj
00000000000a0a60 W _ZN14bx_cmos_stub_cD0Ev
00000000000a04a0 W _ZN14bx_cmos_stub_cD1Ev
00000000000a04a0 W _ZN14bx_cmos_stub_cD2Ev
00000000000c56a0 T _ZN14bx_extfpuirq_c13write_handlerEPvjjj
00000000000c5650 T _ZN14bx_extfpuirq_c4initEv
00000000000c5700 T _ZN14bx_extfpuirq_c5resetEj
00000000000c5760 T _ZN14bx_extfpuirq_cC1Ev
00000000000c5760 T _ZN14bx_extfpuirq_cC2Ev
00000000000c5630 T _ZN14bx_extfpuirq_cD0Ev
00000000000c55e0 T _ZN14bx_extfpuirq_cD1Ev
00000000000c55e0 T _ZN14bx_extfpuirq_cD2Ev
000000000012a950 T _ZN14bx_nogui_gui_c11text_updateEPhS0_mmP15bx_vga_tminfo_t
000000000012a940 T _ZN14bx_nogui_gui_c12clear_screenEv
000000000012a9d0 T _ZN14bx_nogui_gui_c13create_bitmapEPKhjj
000000000012a940 T _ZN14bx_nogui_gui_c13handle_eventsEv
000000000012aa30 T _ZN14bx_nogui_gui_c13specific_initEiPPcj
000000000012a980 T _ZN14bx_nogui_gui_c14palette_changeEhhhh
000000000012a9f0 T _ZN14bx_nogui_gui_c14replace_bitmapEjj
000000000012a940 T _ZN14bx_nogui_gui_c14show_headerbarEv
000000000012a9a0 T _ZN14bx_nogui_gui_c16dimension_updateEjjjjj
000000000012a9e0 T _ZN14bx_nogui_gui_c16headerbar_bitmapEjjPFvvE
000000000012a960 T _ZN14bx_nogui_gui_c18get_clipboard_textEPPhPi
000000000012a970 T _ZN14bx_nogui_gui_c18set_clipboard_textEPcj
000000000012a990 T _ZN14bx_nogui_gui_c20graphics_tile_updateEPhjj
000000000012aa00 T _ZN14bx_nogui_gui_c30mouse_enabled_changed_specificEb
000000000012aa10 T _ZN14bx_nogui_gui_c4exitEv
000000000012a940 T _ZN14bx_nogui_gui_c5flushEv
000000000012ab60 W _ZN14bx_nogui_gui_cD0Ev
000000000012ab40 W _ZN14bx_nogui_gui_cD1Ev
000000000012ab40 W _ZN14bx_nogui_gui_cD2Ev
0000000000127bd0 T _ZN14bx_param_num_c10dump_paramEP8_IO_FILE
0000000000127cb0 T _ZN14bx_param_num_c10dump_paramEPcib
0000000000128090 T _ZN14bx_param_num_c11parse_paramEPKc
0000000000128df0 T _ZN14bx_param_num_c11set_enabledEb
0000000000128850 T _ZN14bx_param_num_c11set_handlerEPFlP10bx_param_cblE
00000000001b74f8 D _ZN14bx_param_num_c12default_baseE
0000000000128890 T _ZN14bx_param_num_c15set_initial_valEl
0000000000128860 T _ZN14bx_param_num_c15set_sr_handlersEPvPFlS0_P10bx_param_cEPFvS0_S2_lE
0000000000128830 T _ZN14bx_param_num_c16set_default_baseEj
0000000000128ca0 T _ZN14bx_param_num_c17update_dependentsEv
0000000000128d10 T _ZN14bx_param_num_c18set_dependent_listEP9bx_list_c
000000000008ea10 W _ZN14bx_param_num_c3getEv
0000000000128d20 T _ZN14bx_param_num_c3setEl
0000000000128040 T _ZN14bx_param_num_c5get64Ev
000000000012a6e0 W _ZN14bx_param_num_c5resetEv
0000000000128880 T _ZN14bx_param_num_c9set_rangeEmm
00000000001295c0 T _ZN14bx_param_num_cC1EP10bx_param_cPKcS3_S3_lllb
00000000001295c0 T _ZN14bx_param_num_cC2EP10bx_param_cPKcS3_S3_lllb
000000000012a730 W _ZN14bx_param_num_cD0Ev
000000000012a710 W _ZN14bx_param_num_cD1Ev
000000000012a710 W _ZN14bx_param_num_cD2Ev
0000000000099920 T _ZN14bx_pc_system_c10clear_INTREv
0000000000099830 T _ZN14bx_pc_system_c10initializeEj
00000000000998e0 T _ZN14bx_pc_system_c10raise_INTREv
000000000009a600 T _ZN14bx_pc_system_c12start_timersEv
000000000009a890 T _ZN14bx_pc_system_c13isa_bus_delayEv
000000000009a870 T _ZN14bx_pc_system_c13setTimerParamEjj
000000000009a680 T _ZN14bx_pc_system_c14activate_timerEjjb
000000000009a420 T _ZN14bx_pc_system_c14benchmarkTimerEPv
000000000009a280 T _ZN14bx_pc_system_c14countdownEventEv
000000000009a440 T _ZN14bx_pc_system_c14dumpStatsTimerEPv
00000000000999a0 T _ZN14bx_pc_system_c14get_enable_a20Ev
0000000000099bb0 T _ZN14bx_pc_system_c14register_stateEv
000000000009a220 T _ZN14bx_pc_system_c14register_timerEPvPFvS0_EjbbPKc
00000000000999e0 T _ZN14bx_pc_system_c14set_enable_a20Eb
000000000009a7d0 T _ZN14bx_pc_system_c15unregisterTimerEj
000000000009a7b0 T _ZN14bx_pc_system_c16deactivate_timerEj
000000000016cd50 R _ZN14bx_pc_system_c17NullTimerIntervalE
000000000009a700 T _ZN14bx_pc_system_c19activate_timer_nsecEjmb
00000000000999d0 T _ZN14bx_pc_system_c20MemoryMappingChangedEv
000000000009a610 T _ZN14bx_pc_system_c20activate_timer_ticksEjmb
000000000009a090 T _ZN14bx_pc_system_c20register_timer_ticksEPvPFvS0_EmbbPKc
000000000009a520 T _ZN14bx_pc_system_c20time_usec_sequentialEv
0000000000099b00 T _ZN14bx_pc_system_c3IACEv
0000000000099960 T _ZN14bx_pc_system_c3inpEtj
0000000000099b60 T _ZN14bx_pc_system_c4exitEv
0000000000099980 T _ZN14bx_pc_system_c4outpEtjj
0000000000099a60 T _ZN14bx_pc_system_c5ResetEj
0000000000099a50 T _ZN14bx_pc_system_c6invlpgEj
00000000000998b0 T _ZN14bx_pc_system_c7set_HRQEb
0000000000099790 T _ZN14bx_pc_system_c9nullTimerEPv
000000000009a5a0 T _ZN14bx_pc_system_c9time_nsecEv
000000000009a4c0 T _ZN14bx_pc_system_c9time_usecEv
00000000000997a0 T _ZN14bx_pc_system_cC1Ev
00000000000997a0 T _ZN14bx_pc_system_cC2Ev
000000000008ebb0 W _ZN14bx_pc_system_cD0Ev
000000000008eb90 W _ZN14bx_pc_system_cD1Ev
000000000008eb90 W _ZN14bx_pc_system_cD2Ev
00000000000d9f30 T _ZN14concat_image_t10save_stateEPKc
00000000000da570 T _ZN14concat_image_t13restore_stateEPKc
00000000000da270 T _ZN14concat_image_t16increment_stringEPc
00000000000da290 T _ZN14concat_image_t4openEPKci
00000000000d8f90 T _ZN14concat_image_t4readEPvm
00000000000da4d0 T _ZN14concat_image_t5closeEv
00000000000d8d90 T _ZN14concat_image_t5lseekEli
00000000000d9070 T _ZN14concat_image_t5writeEPKvm
00000000000da240 T _ZN14concat_image_tC1Ev
00000000000da240 T _ZN14concat_image_tC2Ev
00000000000dd9a0 W _ZN14concat_image_tD0Ev
00000000000dd920 W _ZN14concat_image_tD1Ev
00000000000dd920 W _ZN14concat_image_tD2Ev
00000000000dd8c0 W _ZN14device_image_t10save_stateEPKc
00000000000d9e20 T _ZN14device_image_t13get_timestampEv
00000000000dd8d0 W _ZN14device_image_t13restore_stateEPKc
00000000000d8d10 T _ZN14device_image_t14register_stateEP9bx_list_c
00000000000d8b90 T _ZN14device_image_t16get_capabilitiesEv
00000000000d8b70 T _ZN14device_image_t4openEPKc
00000000000da160 T _ZN14device_image_tC1Ev
00000000000da160 T _ZN14device_image_tC2Ev
00000000000d9ff0 T _ZN14sparse_image_t10save_stateEPKc
00000000000db0c0 T _ZN14sparse_image_t11read_headerEv
00000000000db030 T _ZN14sparse_image_t12check_formatEim
00000000000db560 T _ZN14sparse_image_t13restore_stateEPKc
00000000000da6f0 T _ZN14sparse_image_t16set_virtual_pageEj
00000000000da8b0 T _ZN14sparse_image_t18read_page_fragmentEjjmPv
00000000000db2e0 T _ZN14sparse_image_t4openEPKci
00000000000da9f0 T _ZN14sparse_image_t4readEPvm
00000000000d9a20 T _ZN14sparse_image_t5closeEv
00000000000da710 T _ZN14sparse_image_t5lseekEli
00000000000da7f0 T _ZN14sparse_image_t5panicEPKc
00000000000daae0 T _ZN14sparse_image_t5writeEPKvm
00000000000da6a0 T _ZN14sparse_image_tC1Ev
00000000000da6a0 T _ZN14sparse_image_tC2Ev
00000000000dd990 W _ZN14sparse_image_tD0Ev
00000000000dd910 W _ZN14sparse_image_tD1Ev
00000000000dd910 W _ZN14sparse_image_tD2Ev
00000000000bab40 T _ZN15bx_hard_drive_c10seek_timerEv
00000000000bd750 T _ZN15bx_hard_drive_c10start_seekEh
00000000000bc0f0 T _ZN15bx_hard_drive_c12read_handlerEPvjj
00000000000ba850 T _ZN15bx_hard_drive_c13atapi_cmd_nopEP12controller_t
00000000000bb480 T _ZN15bx_hard_drive_c13bmdma_presentEv
00000000000bbe00 T _ZN15bx_hard_drive_c13set_signatureEhh
00000000000bd840 T _ZN15bx_hard_drive_c13write_handlerEPvjjj
00000000000bade0 T _ZN15bx_hard_drive_c14bmdma_completeEh
00000000000bb7f0 T _ZN15bx_hard_drive_c14identify_driveEh
00000000000b6b20 T _ZN15bx_hard_drive_c14register_stateEv
00000000000bb2d0 T _ZN15bx_hard_drive_c14runtime_configEv
00000000000ba740 T _ZN15bx_hard_drive_c15atapi_cmd_errorEh6_sense4_ascb
00000000000bae80 T _ZN15bx_hard_drive_c15command_abortedEhj
00000000000bbe80 T _ZN15bx_hard_drive_c15ide_read_sectorEhPhj
00000000000bd700 T _ZN15bx_hard_drive_c15lba48_transformEP12controller_tb
00000000000ba970 T _ZN15bx_hard_drive_c15raise_interruptEh
00000000000bd3c0 T _ZN15bx_hard_drive_c16ide_write_sectorEhPhj
00000000000bd0c0 T _ZN15bx_hard_drive_c17bmdma_read_sectorEhPhPj
00000000000ba350 T _ZN15bx_hard_drive_c17increment_addressEhPl
00000000000c2fb0 W _ZN15bx_hard_drive_c17virt_read_handlerEjj
00000000000bd640 T _ZN15bx_hard_drive_c18bmdma_write_sectorEhPh
00000000000c2ed0 T _ZN15bx_hard_drive_c18cdrom_path_handlerEP17bx_param_string_cbPKcS3_i
00000000000badd0 T _ZN15bx_hard_drive_c18seek_timer_handlerEPv
00000000000c2fc0 W _ZN15bx_hard_drive_c18virt_write_handlerEjjj
00000000000baaa0 T _ZN15bx_hard_drive_c19ready_to_send_atapiEh
00000000000baf40 T _ZN15bx_hard_drive_c19set_cd_media_statusEjb
00000000000c2df0 T _ZN15bx_hard_drive_c20cdrom_status_handlerEP10bx_param_cbl
00000000000bb4c0 T _ZN15bx_hard_drive_c20identify_ATAPI_driveEh
00000000000ba880 T _ZN15bx_hard_drive_c22init_mode_sense_singleEhPKvi
00000000000bb470 T _ZN15bx_hard_drive_c22runtime_config_handlerEPv
00000000000ba490 T _ZN15bx_hard_drive_c23init_send_atapi_commandEhhiib
00000000000ba230 T _ZN15bx_hard_drive_c25calculate_logical_addressEhPl
00000000000b7ac0 T _ZN15bx_hard_drive_c4initEv
00000000000b7a20 T _ZN15bx_hard_drive_c5resetEj
00000000000c2b50 T _ZN15bx_hard_drive_cC1Ev
00000000000c2b50 T _ZN15bx_hard_drive_cC2Ev
00000000000b6b00 T _ZN15bx_hard_drive_cD0Ev
00000000000b6820 T _ZN15bx_hard_drive_cD1Ev
00000000000b6820 T _ZN15bx_hard_drive_cD2Ev
0000000000128210 T _ZN15bx_param_bool_c10dump_paramEP8_IO_FILE
0000000000128260 T _ZN15bx_param_bool_c10dump_paramEPcib
0000000000127e20 T _ZN15bx_param_bool_c11parse_paramEPKc
0000000000129d40 T _ZN15bx_param_bool_cC1EP10bx_param_cPKcS3_S3_lb
0000000000129d40 T _ZN15bx_param_bool_cC2EP10bx_param_cPKcS3_S3_lb
000000000012a780 W _ZN15bx_param_bool_cD0Ev
000000000012a760 W _ZN15bx_param_bool_cD1Ev
000000000012a760 W _ZN15bx_param_bool_cD2Ev
0000000000127f50 T _ZN15bx_param_enum_c10dump_paramEP8_IO_FILE
0000000000127de0 T _ZN15bx_param_enum_c10dump_paramEPcib
0000000000129040 T _ZN15bx_param_enum_c11parse_paramEPKc
0000000000128fe0 T _ZN15bx_param_enum_c11set_by_nameEPKc
0000000000128fb0 T _ZN15bx_param_enum_c11set_enabledEb
00000000001288b0 T _ZN15bx_param_enum_c12find_by_nameEPKc
0000000000128e20 T _ZN15bx_param_enum_c17update_dependentsEv
0000000000128ed0 T _ZN15bx_param_enum_c18set_dependent_listEP9bx_list_cb
0000000000128910 T _ZN15bx_param_enum_c20get_dependent_bitmapEl
0000000000128f90 T _ZN15bx_param_enum_c20set_dependent_bitmapElm
0000000000128eb0 T _ZN15bx_param_enum_c3setEl
0000000000129e00 T _ZN15bx_param_enum_cC1EP10bx_param_cPKcS3_S3_PS3_ll
0000000000129e00 T _ZN15bx_param_enum_cC2EP10bx_param_cPKcS3_S3_PS3_ll
00000000001283d0 T _ZN15bx_param_enum_cD0Ev
0000000000128390 T _ZN15bx_param_enum_cD1Ev
0000000000128390 T _ZN15bx_param_enum_cD2Ev
00000000000c6d20 T _ZN15bx_pci_bridge_c13smram_controlEh
00000000000c6580 T _ZN15bx_pci_bridge_c14register_stateEv
00000000000c6a90 T _ZN15bx_pci_bridge_c17agp_aperture_readEjjb
00000000000c6e30 T _ZN15bx_pci_bridge_c17pci_write_handlerEhjj
00000000000c6bf0 T _ZN15bx_pci_bridge_c18agp_aperture_writeEjjjb
00000000000c6de0 T _ZN15bx_pci_bridge_c19after_restore_stateEv
00000000000c6b90 T _ZN15bx_pci_bridge_c19agp_ap_read_handlerEjjPvS0_
00000000000c6cf0 T _ZN15bx_pci_bridge_c20agp_ap_write_handlerEjjPvS0_
00000000000c74e0 T _ZN15bx_pci_bridge_c4initEv
00000000000c67f0 T _ZN15bx_pci_bridge_c5resetEj
00000000000c6930 T _ZN15bx_pci_bridge_cC1Ev
00000000000c6930 T _ZN15bx_pci_bridge_cC2Ev
00000000000c67d0 T _ZN15bx_pci_bridge_cD0Ev
00000000000c66e0 T _ZN15bx_pci_bridge_cD1Ev
00000000000c66e0 T _ZN15bx_pci_bridge_cD2Ev
000000000009f820 T _ZN15bx_pci_device_c11init_bar_ioEhtPFjPvjjEPFvS0_jjjEPKh
000000000009f870 T _ZN15bx_pci_device_c12init_bar_memEhjPFbjjPvS0_ES2_
000000000009fa60 T _ZN15bx_pci_device_c12load_pci_romEPKc
000000000009f7b0 T _ZN15bx_pci_device_c13init_pci_confEtthjhh
000000000009bb80 T _ZN15bx_pci_device_c16pci_read_handlerEhj
00000000000a03b0 W _ZN15bx_pci_device_c17pci_write_handlerEhjj
000000000009f8b0 T _ZN15bx_pci_device_c18register_pci_stateEP9bx_list_c
00000000000a03c0 W _ZN15bx_pci_device_c21pci_bar_change_notifyEv
000000000009f900 T _ZN15bx_pci_device_c23after_restore_pci_stateEPFbjjPvS0_E
000000000009fcd0 T _ZN15bx_pci_device_c24pci_write_handler_commonEhjj
00000000000a0cf0 W _ZN15bx_pci_device_cD0Ev
00000000000a0bb0 W _ZN15bx_pci_device_cD1Ev
00000000000a0bb0 W _ZN15bx_pci_device_cD2Ev
0000000000127a00 T _ZN15bx_shadow_num_c3setEl
0000000000127920 T _ZN15bx_shadow_num_c5get64Ev
00000000001279e0 T _ZN15bx_shadow_num_c5resetEv
0000000000129b20 T _ZN15bx_shadow_num_cC1EP10bx_param_cPKcPaihh
0000000000129ce0 T _ZN15bx_shadow_num_cC1EP10bx_param_cPKcPd
0000000000129c70 T _ZN15bx_shadow_num_cC1EP10bx_param_cPKcPf
0000000000129bc0 T _ZN15bx_shadow_num_cC1EP10bx_param_cPKcPhihh
0000000000129860 T _ZN15bx_shadow_num_cC1EP10bx_param_cPKcPiihh
0000000000129910 T _ZN15bx_shadow_num_cC1EP10bx_param_cPKcPjihh
00000000001296f0 T _ZN15bx_shadow_num_cC1EP10bx_param_cPKcPlihh
00000000001297b0 T _ZN15bx_shadow_num_cC1EP10bx_param_cPKcPmihh
00000000001299c0 T _ZN15bx_shadow_num_cC1EP10bx_param_cPKcPsihh
0000000000129a70 T _ZN15bx_shadow_num_cC1EP10bx_param_cPKcPtihh
0000000000129b20 T _ZN15bx_shadow_num_cC2EP10bx_param_cPKcPaihh
0000000000129ce0 T _ZN15bx_shadow_num_cC2EP10bx_param_cPKcPd
0000000000129c70 T _ZN15bx_shadow_num_cC2EP10bx_param_cPKcPf
0000000000129bc0 T _ZN15bx_shadow_num_cC2EP10bx_param_cPKcPhihh
0000000000129860 T _ZN15bx_shadow_num_cC2EP10bx_param_cPKcPiihh
0000000000129910 T _ZN15bx_shadow_num_cC2EP10bx_param_cPKcPjihh
00000000001296f0 T _ZN15bx_shadow_num_cC2EP10bx_param_cPKcPlihh
00000000001297b0 T _ZN15bx_shadow_num_cC2EP10bx_param_cPKcPmihh
00000000001299c0 T _ZN15bx_shadow_num_cC2EP10bx_param_cPKcPsihh
0000000000129a70 T _ZN15bx_shadow_num_cC2EP10bx_param_cPKcPtihh
000000000012a820 W _ZN15bx_shadow_num_cD0Ev
000000000012a800 W _ZN15bx_shadow_num_cD1Ev
000000000012a800 W _ZN15bx_shadow_num_cD2Ev
00000000000a0ef0 T _ZN15bx_virt_timer_c12start_timersEv
00000000000a1ef0 T _ZN15bx_virt_timer_c13timer_handlerEb
00000000000a1430 T _ZN15bx_virt_timer_c14activate_timerEjjb
00000000000a1710 T _ZN15bx_virt_timer_c14register_stateEv
00000000000a1290 T _ZN15bx_virt_timer_c14register_timerEPvPFvS0_EjbbbPKc
00000000000a0e90 T _ZN15bx_virt_timer_c15unregisterTimerEj
00000000000a0f00 T _ZN15bx_virt_timer_c16deactivate_timerEj
000000000016ced8 R _ZN15bx_virt_timer_c17NullTimerIntervalE
00000000000a2290 T _ZN15bx_virt_timer_c18set_realtime_delayEv
00000000000a1220 T _ZN15bx_virt_timer_c20advance_virtual_timeEmb
00000000000a11d0 T _ZN15bx_virt_timer_c20time_usec_sequentialEb
00000000000a0f20 T _ZN15bx_virt_timer_c22next_event_time_updateEb
00000000000a2270 T _ZN15bx_virt_timer_c25pc_system_timer_handler_0EPv
00000000000a2280 T _ZN15bx_virt_timer_c25pc_system_timer_handler_1EPv
00000000000a1550 T _ZN15bx_virt_timer_c4initEv
00000000000a1490 T _ZN15bx_virt_timer_c5setupEv
00000000000a0fe0 T _ZN15bx_virt_timer_c8periodicEmb
00000000000a0e80 T _ZN15bx_virt_timer_c9nullTimerEPv
00000000000a2220 T _ZN15bx_virt_timer_c9time_usecEb
00000000000a14f0 T _ZN15bx_virt_timer_cC1Ev
00000000000a14f0 T _ZN15bx_virt_timer_cC2Ev
00000000000a22d0 W _ZN15bx_virt_timer_cD0Ev
00000000000a22b0 W _ZN15bx_virt_timer_cD1Ev
00000000000a22b0 W _ZN15bx_virt_timer_cD2Ev
00000000000dcb80 T _ZN15growing_image_t10save_stateEPKc
00000000000dcc00 T _ZN15growing_image_t12check_formatEim
00000000000dbc20 T _ZN15growing_image_t13get_timestampEv
00000000000dca30 T _ZN15growing_image_t13restore_stateEPKc
00000000000dc9d0 T _ZN15growing_image_t4openEPKci
00000000000dbf80 T _ZN15growing_image_t4readEPvm
00000000000dbb60 T _ZN15growing_image_t5closeEv
00000000000dbd60 T _ZN15growing_image_t5lseekEli
00000000000dc480 T _ZN15growing_image_t5writeEPKvm
00000000000dcbb0 T _ZN15growing_image_tC1Ev
00000000000dcbb0 T _ZN15growing_image_tC2Ev
00000000000d8be0 T _ZN15growing_image_tD0Ev
00000000000d8bb0 T _ZN15growing_image_tD1Ev
00000000000d8bb0 T _ZN15growing_image_tD2Ev
00000000000df8a0 T _ZN15vmware3_image_t10save_stateEPKc
00000000000dfbe0 T _ZN15vmware3_image_t10write_intsEiPjm
00000000000dfaa0 T _ZN15vmware3_image_t11read_headerEiRNS_11_COW_HeaderE
00000000000df9f0 T _ZN15vmware3_image_t12check_formatEim
00000000000e0720 T _ZN15vmware3_image_t12perform_seekEv
00000000000dfb60 T _ZN15vmware3_image_t12write_headerEiRNS_11_COW_HeaderE
00000000000e0260 T _ZN15vmware3_image_t13restore_stateEPKc
000000000016f058 R _ZN15vmware3_image_t14INVALID_OFFSETE
00000000000df770 T _ZN15vmware3_image_t16get_capabilitiesEv
00000000000dfc00 T _ZN15vmware3_image_t17generate_cow_nameEPKcj
00000000000dfd40 T _ZN15vmware3_image_t4openEPKci
00000000000e0920 T _ZN15vmware3_image_t4readEPvm
00000000000e0410 T _ZN15vmware3_image_t4syncEv
00000000000df780 T _ZN15vmware3_image_t5closeEv
00000000000df970 T _ZN15vmware3_image_t5lseekEli
00000000000e09c0 T _ZN15vmware3_image_t5writeEPKvm
00000000000dfbc0 T _ZN15vmware3_image_t9read_intsEiPjm
00000000000e0aa0 W _ZN15vmware3_image_tD0Ev
00000000000e0a90 W _ZN15vmware3_image_tD1Ev
00000000000e0a90 W _ZN15vmware3_image_tD2Ev
00000000000e0b80 T _ZN15vmware4_image_t10save_stateEPKc
000000000016f098 R _ZN15vmware4_image_t11SECTOR_SIZEE
00000000000e0d00 T _ZN15vmware4_image_t11read_headerEv
00000000000e0c60 T _ZN15vmware4_image_t12check_formatEim
00000000000e13e0 T _ZN15vmware4_image_t12perform_seekEv
00000000000e11d0 T _ZN15vmware4_image_t13restore_stateEPKc
000000000016f0a0 R _ZN15vmware4_image_t14INVALID_OFFSETE
00000000000e0b70 T _ZN15vmware4_image_t16get_capabilitiesEv
00000000000e1340 T _ZN15vmware4_image_t16read_block_indexEmj
00000000000e13a0 T _ZN15vmware4_image_t17write_block_indexEmjj
00000000000e0fc0 T _ZN15vmware4_image_t4openEPKci
00000000000e15f0 T _ZN15vmware4_image_t4readEPvm
00000000000e0f20 T _ZN15vmware4_image_t5closeEv
00000000000e0ee0 T _ZN15vmware4_image_t5flushEv
00000000000e0b90 T _ZN15vmware4_image_t5lseekEli
00000000000e16a0 T _ZN15vmware4_image_t5writeEPKvm
00000000000e0c10 T _ZN15vmware4_image_tC1Ev
00000000000e0c10 T _ZN15vmware4_image_tC2Ev
00000000000e0fa0 T _ZN15vmware4_image_tD0Ev
00000000000e0f80 T _ZN15vmware4_image_tD1Ev
00000000000e0f80 T _ZN15vmware4_image_tD2Ev
00000000000acd30 T _ZN16bx_floppy_ctrl_c11close_mediaEP8floppy_t
00000000000aca10 T _ZN16bx_floppy_ctrl_c11floppy_xferEhjPhjh
00000000000b06b0 T _ZN16bx_floppy_ctrl_c12read_handlerEPvjj
00000000000af590 T _ZN16bx_floppy_ctrl_c13timer_handlerEPv
00000000000b0f00 T _ZN16bx_floppy_ctrl_c13write_handlerEPvjjj
00000000000ad0a0 T _ZN16bx_floppy_ctrl_c14evaluate_mediaEhhPcP8floppy_t
00000000000af710 T _ZN16bx_floppy_ctrl_c14floppy_commandEv
00000000000abc30 T _ZN16bx_floppy_ctrl_c14register_stateEv
00000000000aec90 T _ZN16bx_floppy_ctrl_c14runtime_configEv
00000000000accb0 T _ZN16bx_floppy_ctrl_c15lower_interruptEv
00000000000acc30 T _ZN16bx_floppy_ctrl_c15raise_interruptEv
00000000000af0e0 T _ZN16bx_floppy_ctrl_c16enter_idle_phaseEv
00000000000af5d0 T _ZN16bx_floppy_ctrl_c16increment_sectorEv
00000000000af5a0 T _ZN16bx_floppy_ctrl_c16reset_changelineEv
00000000000ae810 T _ZN16bx_floppy_ctrl_c16set_media_statusEjb
00000000000aede0 T _ZN16bx_floppy_ctrl_c18enter_result_phaseEv
00000000000abb00 T _ZN16bx_floppy_ctrl_c19after_restore_stateEv
00000000000af6a0 T _ZN16bx_floppy_ctrl_c20calculate_step_delayEhh
00000000000abb70 T _ZN16bx_floppy_ctrl_c20floppy_param_handlerEP10bx_param_cbl
00000000000aedd0 T _ZN16bx_floppy_ctrl_c22runtime_config_handlerEPv
00000000000ac780 T _ZN16bx_floppy_ctrl_c27floppy_param_string_handlerEP17bx_param_string_cbPKcS3_i
00000000000ad5e0 T _ZN16bx_floppy_ctrl_c4initEv
00000000000af120 T _ZN16bx_floppy_ctrl_c5resetEj
00000000000af270 T _ZN16bx_floppy_ctrl_c5timerEv
00000000000b0310 T _ZN16bx_floppy_ctrl_c6get_tcEv
00000000000b09c0 T _ZN16bx_floppy_ctrl_c8dma_readEPht
00000000000b03e0 T _ZN16bx_floppy_ctrl_c9dma_writeEPht
00000000000ac980 T _ZN16bx_floppy_ctrl_cC1Ev
00000000000ac980 T _ZN16bx_floppy_ctrl_cC2Ev
00000000000acfc0 T _ZN16bx_floppy_ctrl_cD0Ev
00000000000acd80 T _ZN16bx_floppy_ctrl_cD1Ev
00000000000acd80 T _ZN16bx_floppy_ctrl_cD2Ev
00000000000d9650 T _ZN16bx_hdimage_ctl_c10init_cdromEPKc
00000000000dd1d0 T _ZN16bx_hdimage_ctl_c10init_imageEPKcmS1_
00000000000d94c0 T _ZN16bx_hdimage_ctl_c11get_mode_idEPKc
00000000000d9520 T _ZN16bx_hdimage_ctl_c12list_modulesEv
00000000000d94b0 T _ZN16bx_hdimage_ctl_c14get_mode_namesEv
00000000000d97d0 T _ZN16bx_hdimage_ctl_c4exitEv
00000000000d9400 T _ZN16bx_hdimage_ctl_c4initEv
00000000000d93b0 T _ZN16bx_hdimage_ctl_cC1Ev
00000000000d93b0 T _ZN16bx_hdimage_ctl_cC2Ev
00000000000dd960 W _ZN16bx_hdimage_ctl_cD0Ev
00000000000dd940 W _ZN16bx_hdimage_ctl_cD1Ev
00000000000dd940 W _ZN16bx_hdimage_ctl_cD2Ev
00000000000c6500 T _ZN16bx_pci_vbridge_c14register_stateEv
00000000000c6260 T _ZN16bx_pci_vbridge_c17pci_write_handlerEhjj
00000000000c6250 T _ZN16bx_pci_vbridge_c19after_restore_stateEv
00000000000c6460 T _ZN16bx_pci_vbridge_c4initEv
00000000000c6220 T _ZN16bx_pci_vbridge_c5resetEj
00000000000c7450 T _ZN16bx_pci_vbridge_cC1Ev
00000000000c7450 T _ZN16bx_pci_vbridge_cC2Ev
00000000000c66c0 T _ZN16bx_pci_vbridge_cD0Ev
00000000000c6630 T _ZN16bx_pci_vbridge_cD1Ev
00000000000c6630 T _ZN16bx_pci_vbridge_cD2Ev
0000000000127840 T _ZN16bx_shadow_bool_c3setEl
0000000000127810 T _ZN16bx_shadow_bool_c5get64Ev
0000000000129dc0 T _ZN16bx_shadow_bool_cC1EP10bx_param_cPKcPb
0000000000129d80 T _ZN16bx_shadow_bool_cC1EP10bx_param_cPKcS3_Pb
0000000000129dc0 T _ZN16bx_shadow_bool_cC2EP10bx_param_cPKcPb
0000000000129d80 T _ZN16bx_shadow_bool_cC2EP10bx_param_cPKcS3_Pb
000000000012a7d0 W _ZN16bx_shadow_bool_cD0Ev
000000000012a7b0 W _ZN16bx_shadow_bool_cD1Ev
000000000012a7b0 W _ZN16bx_shadow_bool_cD2Ev
0000000000128b30 T _ZN16bx_shadow_data_c3getEj
0000000000128b50 T _ZN16bx_shadow_data_c3setEjh
000000000012a0a0 T _ZN16bx_shadow_data_cC1EP10bx_param_cPKcPhjb
000000000012a0a0 T _ZN16bx_shadow_data_cC2EP10bx_param_cPKcPhjb
000000000012a870 W _ZN16bx_shadow_data_cD0Ev
000000000012a850 W _ZN16bx_shadow_data_cD1Ev
000000000012a850 W _ZN16bx_shadow_data_cD2Ev
00000000000e2490 W _ZN16bx_vpc_locator_c12check_formatEim
00000000000e2430 W _ZN16bx_vpc_locator_c8allocateEmPKc
00000000000e2400 W _ZN16bx_vpc_locator_cD0Ev
00000000000e23e0 W _ZN16bx_vpc_locator_cD1Ev
00000000000e23e0 W _ZN16bx_vpc_locator_cD2Ev
00000000000c2b40 T _ZN16error_recovery_tC1Ev
00000000000c2b40 T _ZN16error_recovery_tC2Ev
00000000000dcb90 T _ZN16undoable_image_t10save_stateEPKc
00000000000dce30 T _ZN16undoable_image_t13restore_stateEPKc
00000000000dd8e0 W _ZN16undoable_image_t16get_capabilitiesEv
00000000000dd3d0 T _ZN16undoable_image_t4openEPKci
00000000000dbff0 T _ZN16undoable_image_t4readEPvm
00000000000dbb70 T _ZN16undoable_image_t5closeEv
00000000000dbd70 T _ZN16undoable_image_t5lseekEli
00000000000dc4e0 T _ZN16undoable_image_t5writeEPKvm
00000000000dd090 T _ZN16undoable_image_tC1EPKc
00000000000dd090 T _ZN16undoable_image_tC2EPKc
00000000000d8c50 T _ZN16undoable_image_tD0Ev
00000000000d8c00 T _ZN16undoable_image_tD1Ev
00000000000d8c00 T _ZN16undoable_image_tD2Ev
00000000000dcba0 T _ZN16volatile_image_t10save_stateEPKc
00000000000dcf50 T _ZN16volatile_image_t13restore_stateEPKc
00000000000dd8f0 W _ZN16volatile_image_t16get_capabilitiesEv
00000000000dd660 T _ZN16volatile_image_t4openEPKci
00000000000dc080 T _ZN16volatile_image_t4readEPvm
00000000000dbbb0 T _ZN16volatile_image_t5closeEv
00000000000dbda0 T _ZN16volatile_image_t5lseekEli
00000000000dc540 T _ZN16volatile_image_t5writeEPKvm
00000000000dd130 T _ZN16volatile_image_tC1EPKc
00000000000dd130 T _ZN16volatile_image_tC2EPKc
00000000000d8cc0 T _ZN16volatile_image_tD0Ev
00000000000d8c70 T _ZN16volatile_image_tD1Ev
00000000000d8c70 T _ZN16volatile_image_tD2Ev
0000000000127c40 T _ZN17bx_param_string_c10dump_paramEP8_IO_FILE
0000000000128a00 T _ZN17bx_param_string_c10dump_paramEPcib
0000000000129250 T _ZN17bx_param_string_c11parse_paramEPKc
00000000001290f0 T _ZN17bx_param_string_c11set_enabledEb
0000000000128930 T _ZN17bx_param_string_c11set_handlerEPFPKcPS_bS1_S1_iE
0000000000129220 T _ZN17bx_param_string_c15set_initial_valEPKc
0000000000129070 T _ZN17bx_param_string_c17update_dependentsEv
0000000000129130 T _ZN17bx_param_string_c18set_dependent_listEP9bx_list_c
0000000000128940 T _ZN17bx_param_string_c18set_enable_handlerEPFbP10bx_param_cbE
0000000000128950 T _ZN17bx_param_string_c3getEPci
0000000000129140 T _ZN17bx_param_string_c3setEPKc
0000000000129210 T _ZN17bx_param_string_c5resetEv
0000000000129ec0 T _ZN17bx_param_string_cC1EP10bx_param_cPKcS3_S3_S3_i
0000000000129ec0 T _ZN17bx_param_string_cC2EP10bx_param_cPKcS3_S3_S3_i
0000000000128430 T _ZN17bx_param_string_cD0Ev
00000000001283f0 T _ZN17bx_param_string_cD1Ev
00000000001283f0 T _ZN17bx_param_string_cD2Ev
00000000000a0a30 W _ZN17bx_pci2isa_stub_c11pci_set_irqEhjb
00000000000a0e30 W _ZN17bx_pci2isa_stub_cD0Ev
00000000000a0c30 W _ZN17bx_pci2isa_stub_cD1Ev
00000000000a0c30 W _ZN17bx_pci2isa_stub_cD2Ev
00000000000a0440 W _ZN17bx_pci_ide_stub_c13bmdma_presentEv
00000000000a0460 W _ZN17bx_pci_ide_stub_c13bmdma_set_irqEh
00000000000a0450 W _ZN17bx_pci_ide_stub_c20bmdma_start_transferEh
00000000000a0d90 W _ZN17bx_pci_ide_stub_cD0Ev
00000000000a0c70 W _ZN17bx_pci_ide_stub_cD1Ev
00000000000a0c70 W _ZN17bx_pci_ide_stub_cD2Ev
00000000000a03f0 W _ZN17bx_speaker_stub_c7beep_onEf
00000000000a0410 W _ZN17bx_speaker_stub_c8beep_offEv
00000000000a0430 W _ZN17bx_speaker_stub_c8set_lineEb
00000000000a0b80 W _ZN17bx_speaker_stub_cD0Ev
00000000000a0540 W _ZN17bx_speaker_stub_cD1Ev
00000000000a0540 W _ZN17bx_speaker_stub_cD2Ev
00000000000df760 W _ZN17bx_vbox_locator_c12check_formatEim
00000000000df710 W _ZN17bx_vbox_locator_c8allocateEmPKc
00000000000df6e0 W _ZN17bx_vbox_locator_cD0Ev
00000000000df6c0 W _ZN17bx_vbox_locator_cD1Ev
00000000000df6c0 W _ZN17bx_vbox_locator_cD2Ev
00000000000dd900 W _ZN17hdimage_locator_c12check_formatEim
00000000000d9760 T _ZN17hdimage_locator_c14module_presentEPKc
00000000000d9870 T _ZN17hdimage_locator_c17detect_image_modeEimPPKc
00000000019cdde0 B _ZN17hdimage_locator_c3allE
00000000000d97f0 T _ZN17hdimage_locator_c6createEPKcmS1_
00000000000d97c0 T _ZN17hdimage_locator_c7cleanupEv
00000000000d96a0 T _ZN17hdimage_locator_cC1EPKc
00000000000d96a0 T _ZN17hdimage_locator_cC2EPKc
00000000000d9740 T _ZN17hdimage_locator_cD0Ev
00000000000d96f0 T _ZN17hdimage_locator_cD1Ev
00000000000d96f0 T _ZN17hdimage_locator_cD2Ev
00000000000d84d0 W _ZN18bx_nonvga_device_c11redraw_areaEjjjj
00000000000d84e0 W _ZN18bx_nonvga_device_c15refresh_displayEPvb
00000000000d84f0 W _ZN18bx_nonvga_device_c6updateEv
00000000000e65c0 W _ZN18bx_vvfat_locator_c8allocateEmPKc
00000000000e6590 W _ZN18bx_vvfat_locator_cD0Ev
00000000000e6570 W _ZN18bx_vvfat_locator_cD1Ev
00000000000e6570 W _ZN18bx_vvfat_locator_cD2Ev
00000000000a0470 W _ZN19bx_acpi_ctrl_stub_c12generate_smiEh
00000000000a0d40 W _ZN19bx_acpi_ctrl_stub_cD0Ev
00000000000a0cb0 W _ZN19bx_acpi_ctrl_stub_cD1Ev
00000000000a0cb0 W _ZN19bx_acpi_ctrl_stub_cD2Ev
000000000012a020 T _ZN19bx_param_filename_cC1EP10bx_param_cPKcS3_S3_S3_i
000000000012a020 T _ZN19bx_param_filename_cC2EP10bx_param_cPKcS3_S3_S3_i
00000000001275f0 W _ZN19bx_param_filename_cD0Ev
00000000001275d0 W _ZN19bx_param_filename_cD1Ev
00000000001275d0 W _ZN19bx_param_filename_cD2Ev
00000000000a2510 T _ZN19bx_slowdown_timer_c12handle_timerEv
00000000000a25e0 T _ZN19bx_slowdown_timer_c13timer_handlerEPv
00000000000a24f0 T _ZN19bx_slowdown_timer_c19after_restore_stateEv
00000000000a24e0 T _ZN19bx_slowdown_timer_c4exitEv
00000000000a2360 T _ZN19bx_slowdown_timer_c4initEv
00000000000a2300 T _ZN19bx_slowdown_timer_cC1Ev
00000000000a2300 T _ZN19bx_slowdown_timer_cC2Ev
00000000000a2610 W _ZN19bx_slowdown_timer_cD0Ev
00000000000a25f0 W _ZN19bx_slowdown_timer_cD1Ev
00000000000a25f0 W _ZN19bx_slowdown_timer_cD2Ev
00000000000a0790 W _ZN20bx_hard_drive_stub_c14bmdma_completeEh
00000000000a0800 W _ZN20bx_hard_drive_stub_c17bmdma_read_sectorEhPhPj
00000000000a03d0 W _ZN20bx_hard_drive_stub_c17virt_read_handlerEjj
00000000000a07c0 W _ZN20bx_hard_drive_stub_c18bmdma_write_sectorEhPh
00000000000a03e0 W _ZN20bx_hard_drive_stub_c18virt_write_handlerEjjj
00000000000a0af0 W _ZN20bx_hard_drive_stub_cD0Ev
00000000000a04e0 W _ZN20bx_hard_drive_stub_cD1Ev
00000000000a04e0 W _ZN20bx_hard_drive_stub_cD2Ev
0000000000128b70 T _ZN20bx_shadow_filedata_c15set_sr_handlersEPvPFvS0_P8_IO_FILEES4_
0000000000128b90 T _ZN20bx_shadow_filedata_c4saveEP8_IO_FILE
0000000000128bc0 T _ZN20bx_shadow_filedata_c7restoreEP8_IO_FILE
000000000012a150 T _ZN20bx_shadow_filedata_cC1EP10bx_param_cPKcPP8_IO_FILE
000000000012a150 T _ZN20bx_shadow_filedata_cC2EP10bx_param_cPKcPP8_IO_FILE
000000000012a8c0 W _ZN20bx_shadow_filedata_cD0Ev
000000000012a8a0 W _ZN20bx_shadow_filedata_cD1Ev
000000000012a8a0 W _ZN20bx_shadow_filedata_cD2Ev
00000000000e0b60 W _ZN20bx_vmware3_locator_c12check_formatEim
00000000000e0b00 W _ZN20bx_vmware3_locator_c8allocateEmPKc
00000000000e0ad0 W _ZN20bx_vmware3_locator_cD0Ev
00000000000e0ab0 W _ZN20bx_vmware3_locator_cD1Ev
00000000000e0ab0 W _ZN20bx_vmware3_locator_cD2Ev
00000000000e17f0 W _ZN20bx_vmware4_locator_c12check_formatEim
00000000000e17a0 W _ZN20bx_vmware4_locator_c8allocateEmPKc
00000000000e1770 W _ZN20bx_vmware4_locator_cD0Ev
00000000000e1750 W _ZN20bx_vmware4_locator_cD1Ev
00000000000e1750 W _ZN20bx_vmware4_locator_cD2Ev
00000000000f08e0 W _ZN21bxPageWriteStampTableD1Ev
00000000000f08e0 W _ZN21bxPageWriteStampTableD2Ev
0000000000127f70 T _ZN21bx_param_bytestring_c10dump_paramEPcib
0000000000129370 T _ZN21bx_param_bytestring_c11parse_paramEPKc
0000000000129340 T _ZN21bx_param_bytestring_c15set_initial_valEPKc
0000000000128a90 T _ZN21bx_param_bytestring_c3getEPci
0000000000129290 T _ZN21bx_param_bytestring_c3setEPKc
000000000012a910 W _ZN21bx_param_bytestring_cD0Ev
000000000012a8f0 W _ZN21bx_param_bytestring_cD1Ev
000000000012a8f0 W _ZN21bx_param_bytestring_cD2Ev
00000000000e6560 W _ZN24bx_simulator_interface_c10ask_yes_noEPKcS1_b
000000000012dce0 W _ZN24bx_simulator_interface_c10get_prefixEi
0000000000123c80 W _ZN24bx_simulator_interface_c10save_stateEPKc
0000000000123c50 W _ZN24bx_simulator_interface_c11message_boxEPKcS1_
000000000008c1b0 W _ZN24bx_simulator_interface_c11refresh_vgaEv
0000000000123c40 W _ZN24bx_simulator_interface_c12ask_filenameEPKciS1_S1_i
000000000012a700 W _ZN24bx_simulator_interface_c12gen_param_idEv
000000000008eab0 W _ZN24bx_simulator_interface_c12get_logfn_idEPKc
000000000008ead0 W _ZN24bx_simulator_interface_c13get_exit_codeEv
000000000008ea40 W _ZN24bx_simulator_interface_c13get_init_doneEv
000000000008ea70 W _ZN24bx_simulator_interface_c13get_param_numEPKcP10bx_param_c
00000000000d2ab0 W _ZN24bx_simulator_interface_c13is_pci_deviceEPKc
000000000008eaf0 W _ZN24bx_simulator_interface_c13is_sim_threadEv
000000000008ea50 W _ZN24bx_simulator_interface_c13set_init_doneEb
000000000009a930 W _ZN24bx_simulator_interface_c14get_bochs_rootEv
000000000012dd10 W _ZN24bx_simulator_interface_c14get_default_rcEPci
0000000000099730 W _ZN24bx_simulator_interface_c14get_log_actionEii
0000000000099720 W _ZN24bx_simulator_interface_c14get_logfn_nameEi
000000000008ea90 W _ZN24bx_simulator_interface_c14get_param_boolEPKcP10bx_param_c
000000000008eaa0 W _ZN24bx_simulator_interface_c14get_param_enumEPKcP10bx_param_c
0000000000099770 W _ZN24bx_simulator_interface_c14is_action_nameEPKc
000000000008eb50 W _ZN24bx_simulator_interface_c14restore_configEv
000000000008eac0 W _ZN24bx_simulator_interface_c14set_log_actionEiii
0000000000099760 W _ZN24bx_simulator_interface_c15get_action_nameEi
0000000000123c60 W _ZN24bx_simulator_interface_c15get_first_cdromEv
000000000008eb10 W _ZN24bx_simulator_interface_c15init_statisticsEv
000000000008eb80 W _ZN24bx_simulator_interface_c15opt_plugin_ctrlEPKcb
000000000012dcd0 W _ZN24bx_simulator_interface_c15reset_all_paramEv
000000000008eb60 W _ZN24bx_simulator_interface_c15restore_logoptsEv
000000000012dd60 W _ZN24bx_simulator_interface_c16begin_simulationEiPPc
000000000008ea80 W _ZN24bx_simulator_interface_c16get_param_stringEPKcP10bx_param_c
00000000001274c0 W _ZN24bx_simulator_interface_c16init_usb_optionsEPKcS1_i
000000000008eb70 W _ZN24bx_simulator_interface_c16restore_hardwareEv
000000000008c1d0 W _ZN24bx_simulator_interface_c16set_display_modeE11disp_mode_t
000000000008ea30 W _ZN24bx_simulator_interface_c16set_quit_contextEPA1_13__jmp_buf_tag
00000000000aa110 W _ZN24bx_simulator_interface_c16write_param_listEP8_IO_FILEP9bx_list_cPKcb
000000000012dd00 W _ZN24bx_simulator_interface_c17get_max_log_levelEv
0000000000099710 W _ZN24bx_simulator_interface_c17get_n_log_modulesEv
000000000008eb30 W _ZN24bx_simulator_interface_c17init_save_restoreEv
00000000000d84c0 W _ZN24bx_simulator_interface_c17split_option_listEPKcS1_PPci
00000000001274d0 W _ZN24bx_simulator_interface_c17write_usb_optionsEP8_IO_FILEiP9bx_list_c
000000000008eb20 W _ZN24bx_simulator_interface_c18cleanup_statisticsEv
000000000012dcf0 W _ZN24bx_simulator_interface_c18get_log_level_nameEi
0000000000099780 W _ZN24bx_simulator_interface_c18save_addon_optionsEP8_IO_FILE
000000000009a920 W _ZN24bx_simulator_interface_c19get_statistics_rootEv
000000000012dd40 W _ZN24bx_simulator_interface_c19set_notify_callbackEPFP7BxEventPvS1_ES2_
000000000008eb40 W _ZN24bx_simulator_interface_c20cleanup_save_restoreEv
00000000001274b0 W _ZN24bx_simulator_interface_c20init_std_nic_optionsEPKcP9bx_list_c
00000000000aa100 W _ZN24bx_simulator_interface_c21parse_param_from_listEPKcS1_P9bx_list_c
00000000000aa0e0 W _ZN24bx_simulator_interface_c21register_addon_optionEPKcPFiS1_iPPcEPFiP8_IO_FILEE
000000000008eb00 W _ZN24bx_simulator_interface_c21test_for_text_consoleEv
0000000000099740 W _ZN24bx_simulator_interface_c22get_default_log_actionEi
0000000000099750 W _ZN24bx_simulator_interface_c22set_default_log_actionEii
0000000000123c70 W _ZN24bx_simulator_interface_c22update_runtime_optionsEv
000000000008eae0 W _ZN24bx_simulator_interface_c23configuration_interfaceEPKc12ci_command_t
00000000000aa0f0 W _ZN24bx_simulator_interface_c23unregister_addon_optionEPKc
00000000000b14e0 W _ZN24bx_simulator_interface_c31register_runtime_config_handlerEPvPFvS0_E
000000000012dd50 W _ZN24bx_simulator_interface_c32register_configuration_interfaceEPKcPFiPv12ci_command_tES2_
00000000000b14f0 W _ZN24bx_simulator_interface_c33unregister_runtime_config_handlerEi
000000000008c180 W _ZN24bx_simulator_interface_c7log_dlgEPKciS1_i
000000000008c190 W _ZN24bx_simulator_interface_c7log_msgEPKciS1_
000000000012dd20 W _ZN24bx_simulator_interface_c7read_rcEPKc
00000000000a03a0 W _ZN24bx_simulator_interface_c8periodicEv
000000000008c170 W _ZN24bx_simulator_interface_c8quit_simEi
000000000012dd30 W _ZN24bx_simulator_interface_c8write_rcEPKci
0000000000123c20 W _ZN24bx_simulator_interface_c9ask_paramEP10bx_param_c
0000000000123c30 W _ZN24bx_simulator_interface_c9ask_paramEPKc
000000000008ea60 W _ZN24bx_simulator_interface_c9get_paramEPKcP10bx_param_c
0000000000115780 T _ZN8BX_CPU_C10ADCX_GdEdREP15bxInstruction_c
00000000001157f0 T _ZN8BX_CPU_C10ADOX_GdEdREP15bxInstruction_c
00000000000f8a30 T _ZN8BX_CPU_C10BOUND_GdMaEP15bxInstruction_c
00000000000f8820 T _ZN8BX_CPU_C10BOUND_GwMaEP15bxInstruction_c
000000000010c5e0 T _ZN8BX_CPU_C10DIV_EAXEdREP15bxInstruction_c
000000000013c7c0 T _ZN8BX_CPU_C10FFREEP_STiEP15bxInstruction_c
0000000000100960 T _ZN8BX_CPU_C10IDIV_ALEbREP15bxInstruction_c
00000000000f9130 T _ZN8BX_CPU_C10IDIV_AXEwREP15bxInstruction_c
00000000001008a0 T _ZN8BX_CPU_C10IMUL_ALEbREP15bxInstruction_c
00000000000f9090 T _ZN8BX_CPU_C10IMUL_AXEwREP15bxInstruction_c
000000000010c6e0 T _ZN8BX_CPU_C10IMUL_GdEdREP15bxInstruction_c
00000000000f91d0 T _ZN8BX_CPU_C10IMUL_GwEwREP15bxInstruction_c
00000000000f7390 T _ZN8BX_CPU_C10LOOPE16_JbEP15bxInstruction_c
00000000000f5e00 T _ZN8BX_CPU_C10LOOPE32_JbEP15bxInstruction_c
00000000000f76b0 T _ZN8BX_CPU_C10MOVD_EdPqMEP15bxInstruction_c
00000000000f76a0 T _ZN8BX_CPU_C10MOVD_EdPqREP15bxInstruction_c
00000000000f81c0 T _ZN8BX_CPU_C10MOVD_EdVdREP15bxInstruction_c
00000000000f7620 T _ZN8BX_CPU_C10MOVD_PqEdMEP15bxInstruction_c
00000000000f7610 T _ZN8BX_CPU_C10MOVD_PqEdREP15bxInstruction_c
00000000000f7640 T _ZN8BX_CPU_C10MOVQ_PqQqMEP15bxInstruction_c
00000000000f7630 T _ZN8BX_CPU_C10MOVQ_PqQqREP15bxInstruction_c
00000000000f76c0 T _ZN8BX_CPU_C10MOVQ_QqPqMEP15bxInstruction_c
00000000000f81d0 T _ZN8BX_CPU_C10MOVQ_VqWqREP15bxInstruction_c
000000000010c550 T _ZN8BX_CPU_C10MUL_EAXEdREP15bxInstruction_c
00000000000f7960 T _ZN8BX_CPU_C10PADDB_PqQqEP15bxInstruction_c
00000000000f7980 T _ZN8BX_CPU_C10PADDD_PqQqEP15bxInstruction_c
00000000000f7720 T _ZN8BX_CPU_C10PADDQ_PqQqEP15bxInstruction_c
00000000000f7970 T _ZN8BX_CPU_C10PADDW_PqQqEP15bxInstruction_c
00000000000f77c0 T _ZN8BX_CPU_C10PANDN_PqQqEP15bxInstruction_c
00000000000f77d0 T _ZN8BX_CPU_C10PAVGB_PqQqEP15bxInstruction_c
00000000000f7800 T _ZN8BX_CPU_C10PAVGW_PqQqEP15bxInstruction_c
00000000000f79e0 T _ZN8BX_CPU_C10PSLLD_NqIbEP15bxInstruction_c
00000000000f78c0 T _ZN8BX_CPU_C10PSLLD_PqQqEP15bxInstruction_c
00000000000f7a00 T _ZN8BX_CPU_C10PSLLQ_NqIbEP15bxInstruction_c
00000000000f78d0 T _ZN8BX_CPU_C10PSLLQ_PqQqEP15bxInstruction_c
00000000000f79b0 T _ZN8BX_CPU_C10PSLLW_NqIbEP15bxInstruction_c
00000000000f78b0 T _ZN8BX_CPU_C10PSLLW_PqQqEP15bxInstruction_c
00000000000f79d0 T _ZN8BX_CPU_C10PSRAD_NqIbEP15bxInstruction_c
00000000000f77f0 T _ZN8BX_CPU_C10PSRAD_PqQqEP15bxInstruction_c
00000000000f79a0 T _ZN8BX_CPU_C10PSRAW_NqIbEP15bxInstruction_c
00000000000f77e0 T _ZN8BX_CPU_C10PSRAW_PqQqEP15bxInstruction_c
00000000000f79c0 T _ZN8BX_CPU_C10PSRLD_NqIbEP15bxInstruction_c
00000000000f7700 T _ZN8BX_CPU_C10PSRLD_PqQqEP15bxInstruction_c
00000000000f79f0 T _ZN8BX_CPU_C10PSRLQ_NqIbEP15bxInstruction_c
00000000000f7710 T _ZN8BX_CPU_C10PSRLQ_PqQqEP15bxInstruction_c
00000000000f7990 T _ZN8BX_CPU_C10PSRLW_NqIbEP15bxInstruction_c
00000000000f76f0 T _ZN8BX_CPU_C10PSRLW_PqQqEP15bxInstruction_c
00000000000f7920 T _ZN8BX_CPU_C10PSUBB_PqQqEP15bxInstruction_c
00000000000f7940 T _ZN8BX_CPU_C10PSUBD_PqQqEP15bxInstruction_c
00000000000f7950 T _ZN8BX_CPU_C10PSUBQ_PqQqEP15bxInstruction_c
00000000000f7930 T _ZN8BX_CPU_C10PSUBW_PqQqEP15bxInstruction_c
0000000000112c10 T _ZN8BX_CPU_C10SETNBE_EbMEP15bxInstruction_c
0000000000112d10 T _ZN8BX_CPU_C10SETNBE_EbREP15bxInstruction_c
00000000001136b0 T _ZN8BX_CPU_C10SETNLE_EbMEP15bxInstruction_c
00000000001137d0 T _ZN8BX_CPU_C10SETNLE_EbREP15bxInstruction_c
00000000000f9220 T _ZN8BX_CPU_C10SHLD_EdGdMEP15bxInstruction_c
00000000000f9380 T _ZN8BX_CPU_C10SHLD_EdGdREP15bxInstruction_c
00000000000f2880 T _ZN8BX_CPU_C10SHLD_EwGwMEP15bxInstruction_c
00000000000f2a20 T _ZN8BX_CPU_C10SHLD_EwGwREP15bxInstruction_c
00000000000f9400 T _ZN8BX_CPU_C10SHRD_EdGdMEP15bxInstruction_c
00000000000f9570 T _ZN8BX_CPU_C10SHRD_EdGdREP15bxInstruction_c
00000000000f2ab0 T _ZN8BX_CPU_C10SHRD_EwGwMEP15bxInstruction_c
00000000000f2ca0 T _ZN8BX_CPU_C10SHRD_EwGwREP15bxInstruction_c
00000000001027a0 T _ZN8BX_CPU_C10TEST_EbGbMEP15bxInstruction_c
0000000000102720 T _ZN8BX_CPU_C10TEST_EbGbREP15bxInstruction_c
0000000000102900 T _ZN8BX_CPU_C10TEST_EbIbMEP15bxInstruction_c
00000000001028c0 T _ZN8BX_CPU_C10TEST_EbIbREP15bxInstruction_c
0000000000103630 T _ZN8BX_CPU_C10TEST_EdGdMEP15bxInstruction_c
0000000000103600 T _ZN8BX_CPU_C10TEST_EdGdREP15bxInstruction_c
0000000000103760 T _ZN8BX_CPU_C10TEST_EdIdMEP15bxInstruction_c
0000000000103730 T _ZN8BX_CPU_C10TEST_EdIdREP15bxInstruction_c
00000000000f48b0 T _ZN8BX_CPU_C10TEST_EwGwMEP15bxInstruction_c
00000000000f4880 T _ZN8BX_CPU_C10TEST_EwGwREP15bxInstruction_c
00000000000f49e0 T _ZN8BX_CPU_C10TEST_EwIwMEP15bxInstruction_c
00000000000f49b0 T _ZN8BX_CPU_C10TEST_EwIwREP15bxInstruction_c
0000000000117a70 T _ZN8BX_CPU_C10TLB_invlpgEj
00000000000fc4f0 T _ZN8BX_CPU_C10XADD_EbGbMEP15bxInstruction_c
00000000000fc670 T _ZN8BX_CPU_C10XADD_EbGbREP15bxInstruction_c
000000000010d6e0 T _ZN8BX_CPU_C10XADD_EdGdMEP15bxInstruction_c
000000000010d810 T _ZN8BX_CPU_C10XADD_EdGdREP15bxInstruction_c
0000000000104990 T _ZN8BX_CPU_C10XADD_EwGwMEP15bxInstruction_c
0000000000104ae0 T _ZN8BX_CPU_C10XADD_EwGwREP15bxInstruction_c
0000000000101340 T _ZN8BX_CPU_C10XCHG_EbGbMEP15bxInstruction_c
0000000000101470 T _ZN8BX_CPU_C10XCHG_EbGbREP15bxInstruction_c
0000000000107520 T _ZN8BX_CPU_C10XCHG_EdGdMEP15bxInstruction_c
0000000000107620 T _ZN8BX_CPU_C10XCHG_EdGdREP15bxInstruction_c
0000000000106630 T _ZN8BX_CPU_C10XCHG_EwGwMEP15bxInstruction_c
0000000000106730 T _ZN8BX_CPU_C10XCHG_EwGwREP15bxInstruction_c
0000000000110380 T _ZN8BX_CPU_C10branch_farEP13bx_selector_tP15bx_descriptor_tjj
00000000000f6000 T _ZN8BX_CPU_C10call_far16EP15bxInstruction_ctt
00000000000f4b30 T _ZN8BX_CPU_C10call_far32EP15bxInstruction_ctj
00000000000eff80 T _ZN8BX_CPU_C10clear_INTREv
000000000010a060 T _ZN8BX_CPU_C10init_SMRAMEv
00000000000e6bf0 T _ZN8BX_CPU_C10initializeEv
00000000000f2060 T _ZN8BX_CPU_C10int_numberEj
0000000000117c70 T _ZN8BX_CPU_C10page_faultEjjjj
000000000012e090 T _ZN8BX_CPU_C10prepareFPUEP15bxInstruction_cb
00000000000eff50 T _ZN8BX_CPU_C10raise_INTREv
00000000001076c0 T _ZN8BX_CPU_C11CMOVB_GdEdREP15bxInstruction_c
00000000001067d0 T _ZN8BX_CPU_C11CMOVB_GwEwREP15bxInstruction_c
00000000001078c0 T _ZN8BX_CPU_C11CMOVL_GdEdREP15bxInstruction_c
00000000001069d0 T _ZN8BX_CPU_C11CMOVL_GwEwREP15bxInstruction_c
0000000000107650 T _ZN8BX_CPU_C11CMOVO_GdEdREP15bxInstruction_c
0000000000106760 T _ZN8BX_CPU_C11CMOVO_GwEwREP15bxInstruction_c
0000000000107840 T _ZN8BX_CPU_C11CMOVP_GdEdREP15bxInstruction_c
0000000000106950 T _ZN8BX_CPU_C11CMOVP_GwEwREP15bxInstruction_c
00000000001077e0 T _ZN8BX_CPU_C11CMOVS_GdEdREP15bxInstruction_c
00000000001068f0 T _ZN8BX_CPU_C11CMOVS_GwEwREP15bxInstruction_c
0000000000107720 T _ZN8BX_CPU_C11CMOVZ_GdEdREP15bxInstruction_c
0000000000106830 T _ZN8BX_CPU_C11CMOVZ_GwEwREP15bxInstruction_c
00000000000f7f00 T _ZN8BX_CPU_C11EXTRQ_VdqUqEP15bxInstruction_c
000000000010c630 T _ZN8BX_CPU_C11IDIV_EAXEdREP15bxInstruction_c
000000000010c590 T _ZN8BX_CPU_C11IMUL_EAXEdREP15bxInstruction_c
0000000000111530 T _ZN8BX_CPU_C11INSB16_YbDXEP15bxInstruction_c
00000000001115d0 T _ZN8BX_CPU_C11INSB32_YbDXEP15bxInstruction_c
0000000000111350 T _ZN8BX_CPU_C11INSD16_YdDXEP15bxInstruction_c
00000000001113f0 T _ZN8BX_CPU_C11INSD32_YdDXEP15bxInstruction_c
00000000001112a0 T _ZN8BX_CPU_C11INSW16_YwDXEP15bxInstruction_c
0000000000111490 T _ZN8BX_CPU_C11INSW32_YwDXEP15bxInstruction_c
00000000000f72b0 T _ZN8BX_CPU_C11LOOPNE16_JbEP15bxInstruction_c
00000000000f5d20 T _ZN8BX_CPU_C11LOOPNE32_JbEP15bxInstruction_c
00000000001156f0 T _ZN8BX_CPU_C11LZCNT_GdEdREP15bxInstruction_c
00000000001147c0 T _ZN8BX_CPU_C11LZCNT_GwEwREP15bxInstruction_c
0000000000106c20 T _ZN8BX_CPU_C11MOV32_EdGdMEP15bxInstruction_c
0000000000106d80 T _ZN8BX_CPU_C11MOV32_GdEdMEP15bxInstruction_c
00000000000f81b0 T _ZN8BX_CPU_C11MOVD_VdqEdREP15bxInstruction_c
00000000001072e0 T _ZN8BX_CPU_C11MOVSX_GdEbMEP15bxInstruction_c
00000000001073d0 T _ZN8BX_CPU_C11MOVSX_GdEbREP15bxInstruction_c
0000000000107410 T _ZN8BX_CPU_C11MOVSX_GdEwMEP15bxInstruction_c
0000000000107500 T _ZN8BX_CPU_C11MOVSX_GdEwREP15bxInstruction_c
00000000001064f0 T _ZN8BX_CPU_C11MOVSX_GwEbMEP15bxInstruction_c
00000000001065e0 T _ZN8BX_CPU_C11MOVSX_GwEbREP15bxInstruction_c
00000000001070a0 T _ZN8BX_CPU_C11MOVZX_GdEbMEP15bxInstruction_c
0000000000107190 T _ZN8BX_CPU_C11MOVZX_GdEbREP15bxInstruction_c
00000000001071d0 T _ZN8BX_CPU_C11MOVZX_GdEwMEP15bxInstruction_c
00000000001072c0 T _ZN8BX_CPU_C11MOVZX_GdEwREP15bxInstruction_c
00000000001063b0 T _ZN8BX_CPU_C11MOVZX_GwEbMEP15bxInstruction_c
00000000001064a0 T _ZN8BX_CPU_C11MOVZX_GwEbREP15bxInstruction_c
00000000000f7870 T _ZN8BX_CPU_C11PADDSB_PqQqEP15bxInstruction_c
00000000000f7880 T _ZN8BX_CPU_C11PADDSW_PqQqEP15bxInstruction_c
00000000000f7890 T _ZN8BX_CPU_C11PMAXSW_PqQqEP15bxInstruction_c
00000000000f77b0 T _ZN8BX_CPU_C11PMAXUB_PqQqEP15bxInstruction_c
00000000000f7850 T _ZN8BX_CPU_C11PMINSW_PqQqEP15bxInstruction_c
00000000000f7770 T _ZN8BX_CPU_C11PMINUB_PqQqEP15bxInstruction_c
00000000000f7820 T _ZN8BX_CPU_C11PMULHW_PqQqEP15bxInstruction_c
00000000000f7730 T _ZN8BX_CPU_C11PMULLW_PqQqEP15bxInstruction_c
00000000000f7900 T _ZN8BX_CPU_C11PSADBW_PqQqEP15bxInstruction_c
00000000000f7eb0 T _ZN8BX_CPU_C11PSLLD_UdqIbEP15bxInstruction_c
00000000000f7ec0 T _ZN8BX_CPU_C11PSLLQ_UdqIbEP15bxInstruction_c
00000000000f7ea0 T _ZN8BX_CPU_C11PSLLW_UdqIbEP15bxInstruction_c
00000000000f7e90 T _ZN8BX_CPU_C11PSRAD_UdqIbEP15bxInstruction_c
00000000000f7e80 T _ZN8BX_CPU_C11PSRAW_UdqIbEP15bxInstruction_c
00000000000f7e60 T _ZN8BX_CPU_C11PSRLD_UdqIbEP15bxInstruction_c
00000000000f7e70 T _ZN8BX_CPU_C11PSRLQ_UdqIbEP15bxInstruction_c
00000000000f7e50 T _ZN8BX_CPU_C11PSRLW_UdqIbEP15bxInstruction_c
00000000000f7830 T _ZN8BX_CPU_C11PSUBSB_PqQqEP15bxInstruction_c
00000000000f7840 T _ZN8BX_CPU_C11PSUBSW_PqQqEP15bxInstruction_c
00000000000f62e0 T _ZN8BX_CPU_C11RETfar16_IwEP15bxInstruction_c
00000000000f4e00 T _ZN8BX_CPU_C11RETfar32_IwEP15bxInstruction_c
0000000000115660 T _ZN8BX_CPU_C11TZCNT_GdEdREP15bxInstruction_c
0000000000114720 T _ZN8BX_CPU_C11TZCNT_GwEwREP15bxInstruction_c
00000000000f87b0 T _ZN8BX_CPU_C11VMREAD_EdGdEP15bxInstruction_c
00000000000efef0 T _ZN8BX_CPU_C11deliver_NMIEv
00000000000eff20 T _ZN8BX_CPU_C11deliver_SMIEv
000000000010abd0 T _ZN8BX_CPU_C11force_flagsEv
00000000019ce020 B _ZN8BX_CPU_C11jmp_buf_envE
00000000000f0230 T _ZN8BX_CPU_C11mergeTracesEP15bxICacheEntry_cP15bxInstruction_cj
00000000000f7f30 T _ZN8BX_CPU_C11pack_FPU_TWEt
000000000011b540 T _ZN8BX_CPU_C11task_switchEP15bxInstruction_cP13bx_selector_tP15bx_descriptor_tjjjbj
000000000010add0 T _ZN8BX_CPU_C11writeEFlagsEjj
000000000010ae00 T _ZN8BX_CPU_C11write_flagsEtbb
000000000012e0d0 T _ZN8BX_CPU_C11x87_get_FCSEv
000000000012e0f0 T _ZN8BX_CPU_C11x87_get_FDSEv
0000000000107780 T _ZN8BX_CPU_C12CMOVBE_GdEdREP15bxInstruction_c
0000000000106890 T _ZN8BX_CPU_C12CMOVBE_GwEwREP15bxInstruction_c
0000000000107950 T _ZN8BX_CPU_C12CMOVLE_GdEdREP15bxInstruction_c
0000000000106a60 T _ZN8BX_CPU_C12CMOVLE_GwEwREP15bxInstruction_c
00000000001076f0 T _ZN8BX_CPU_C12CMOVNB_GdEdREP15bxInstruction_c
0000000000106800 T _ZN8BX_CPU_C12CMOVNB_GwEwREP15bxInstruction_c
0000000000107900 T _ZN8BX_CPU_C12CMOVNL_GdEdREP15bxInstruction_c
0000000000106a10 T _ZN8BX_CPU_C12CMOVNL_GwEwREP15bxInstruction_c
0000000000107690 T _ZN8BX_CPU_C12CMOVNO_GdEdREP15bxInstruction_c
00000000001067a0 T _ZN8BX_CPU_C12CMOVNO_GwEwREP15bxInstruction_c
0000000000107880 T _ZN8BX_CPU_C12CMOVNP_GdEdREP15bxInstruction_c
0000000000106990 T _ZN8BX_CPU_C12CMOVNP_GwEwREP15bxInstruction_c
0000000000107810 T _ZN8BX_CPU_C12CMOVNS_GdEdREP15bxInstruction_c
0000000000106920 T _ZN8BX_CPU_C12CMOVNS_GwEwREP15bxInstruction_c
0000000000107750 T _ZN8BX_CPU_C12CMOVNZ_GdEdREP15bxInstruction_c
0000000000106860 T _ZN8BX_CPU_C12CMOVNZ_GwEwREP15bxInstruction_c
0000000000116520 T _ZN8BX_CPU_C12CMPSB16_XbYbEP15bxInstruction_c
00000000001171b0 T _ZN8BX_CPU_C12CMPSB32_XbYbEP15bxInstruction_c
0000000000116eb0 T _ZN8BX_CPU_C12CMPSD16_XdYdEP15bxInstruction_c
0000000000117020 T _ZN8BX_CPU_C12CMPSD32_XdYdEP15bxInstruction_c
0000000000117340 T _ZN8BX_CPU_C12CMPSW16_XwYwEP15bxInstruction_c
00000000001174d0 T _ZN8BX_CPU_C12CMPSW32_XwYwEP15bxInstruction_c
00000000000fe7b0 T _ZN8BX_CPU_C12ENTER16_IwIbEP15bxInstruction_c
000000000010b530 T _ZN8BX_CPU_C12ENTER32_IwIbEP15bxInstruction_c
0000000000132000 T _ZN8BX_CPU_C12FADD_ST0_STjEP15bxInstruction_c
00000000001321a0 T _ZN8BX_CPU_C12FADD_STi_ST0EP15bxInstruction_c
00000000001355c0 T _ZN8BX_CPU_C12FDIV_ST0_STjEP15bxInstruction_c
00000000001358f0 T _ZN8BX_CPU_C12FDIV_STi_ST0EP15bxInstruction_c
0000000000132d70 T _ZN8BX_CPU_C12FMUL_ST0_STjEP15bxInstruction_c
0000000000132f10 T _ZN8BX_CPU_C12FMUL_STi_ST0EP15bxInstruction_c
0000000000133ae0 T _ZN8BX_CPU_C12FSUB_ST0_STjEP15bxInstruction_c
0000000000133e10 T _ZN8BX_CPU_C12FSUB_STi_ST0EP15bxInstruction_c
000000000010c690 T _ZN8BX_CPU_C12IMUL_GdEdIdREP15bxInstruction_c
00000000000f9180 T _ZN8BX_CPU_C12IMUL_GwEwIwREP15bxInstruction_c
00000000001161d0 T _ZN8BX_CPU_C12LODSB16_ALXbEP15bxInstruction_c
0000000000116020 T _ZN8BX_CPU_C12LODSB32_ALXbEP15bxInstruction_c
00000000001162a0 T _ZN8BX_CPU_C12LODSW16_AXXwEP15bxInstruction_c
0000000000116370 T _ZN8BX_CPU_C12LODSW32_AXXwEP15bxInstruction_c
0000000000106d10 T _ZN8BX_CPU_C12MOV32S_EdGdMEP15bxInstruction_c
0000000000106e70 T _ZN8BX_CPU_C12MOV32S_GdEdMEP15bxInstruction_c
00000000000f8170 T _ZN8BX_CPU_C12MOVHPS_MqVpsEP15bxInstruction_c
00000000000f8160 T _ZN8BX_CPU_C12MOVHPS_VpsMqEP15bxInstruction_c
00000000000f8110 T _ZN8BX_CPU_C12MOVLPS_VpsMqEP15bxInstruction_c
0000000000116d70 T _ZN8BX_CPU_C12MOVSB16_YbXbEP15bxInstruction_c
0000000000116ae0 T _ZN8BX_CPU_C12MOVSB32_YbXbEP15bxInstruction_c
0000000000116810 T _ZN8BX_CPU_C12MOVSD16_YdXdEP15bxInstruction_c
00000000001166b0 T _ZN8BX_CPU_C12MOVSD32_YdXdEP15bxInstruction_c
0000000000116c20 T _ZN8BX_CPU_C12MOVSW16_YwXwEP15bxInstruction_c
0000000000116970 T _ZN8BX_CPU_C12MOVSW32_YwXwEP15bxInstruction_c
00000000000f7b20 T _ZN8BX_CPU_C12ORPS_VpsWpsREP15bxInstruction_c
0000000000111a30 T _ZN8BX_CPU_C12OUTSB16_DXXbEP15bxInstruction_c
0000000000111670 T _ZN8BX_CPU_C12OUTSB32_DXXbEP15bxInstruction_c
0000000000111940 T _ZN8BX_CPU_C12OUTSD16_DXXdEP15bxInstruction_c
0000000000111850 T _ZN8BX_CPU_C12OUTSD32_DXXdEP15bxInstruction_c
00000000001111b0 T _ZN8BX_CPU_C12OUTSW16_DXXwEP15bxInstruction_c
0000000000111760 T _ZN8BX_CPU_C12OUTSW32_DXXwEP15bxInstruction_c
00000000000f7790 T _ZN8BX_CPU_C12PADDUSB_PqQqEP15bxInstruction_c
00000000000f77a0 T _ZN8BX_CPU_C12PADDUSW_PqQqEP15bxInstruction_c
00000000000f7660 T _ZN8BX_CPU_C12PCMPEQB_PqQqEP15bxInstruction_c
00000000000f7680 T _ZN8BX_CPU_C12PCMPEQD_PqQqEP15bxInstruction_c
00000000000f7670 T _ZN8BX_CPU_C12PCMPEQW_PqQqEP15bxInstruction_c
00000000000f7590 T _ZN8BX_CPU_C12PCMPGTB_PqQqEP15bxInstruction_c
00000000000f75b0 T _ZN8BX_CPU_C12PCMPGTD_PqQqEP15bxInstruction_c
00000000000f75a0 T _ZN8BX_CPU_C12PCMPGTW_PqQqEP15bxInstruction_c
00000000000f78f0 T _ZN8BX_CPU_C12PMADDWD_PqQqEP15bxInstruction_c
00000000000f7810 T _ZN8BX_CPU_C12PMULHUW_PqQqEP15bxInstruction_c
00000000000f78e0 T _ZN8BX_CPU_C12PMULUDQ_PqQqEP15bxInstruction_c
00000000001155c0 T _ZN8BX_CPU_C12POPCNT_GdEdREP15bxInstruction_c
0000000000114690 T _ZN8BX_CPU_C12POPCNT_GwEwREP15bxInstruction_c
00000000000f7ee0 T _ZN8BX_CPU_C12PSLLDQ_UdqIbEP15bxInstruction_c
00000000000f7ed0 T _ZN8BX_CPU_C12PSRLDQ_UdqIbEP15bxInstruction_c
00000000000f7750 T _ZN8BX_CPU_C12PSUBUSB_PqQqEP15bxInstruction_c
00000000000f7760 T _ZN8BX_CPU_C12PSUBUSW_PqQqEP15bxInstruction_c
00000000000f6220 T _ZN8BX_CPU_C12RETnear16_IwEP15bxInstruction_c
00000000000f4d40 T _ZN8BX_CPU_C12RETnear32_IwEP15bxInstruction_c
0000000000115ea0 T _ZN8BX_CPU_C12SCASB16_ALYbEP15bxInstruction_c
0000000000115df0 T _ZN8BX_CPU_C12SCASB32_ALYbEP15bxInstruction_c
0000000000115f60 T _ZN8BX_CPU_C12SCASW16_AXYwEP15bxInstruction_c
0000000000115d30 T _ZN8BX_CPU_C12SCASW32_AXYwEP15bxInstruction_c
0000000000115990 T _ZN8BX_CPU_C12STOSB16_YbALEP15bxInstruction_c
0000000000115870 T _ZN8BX_CPU_C12STOSB32_YbALEP15bxInstruction_c
0000000000115a20 T _ZN8BX_CPU_C12STOSW16_YwAXEP15bxInstruction_c
0000000000115ab0 T _ZN8BX_CPU_C12STOSW32_YwAXEP15bxInstruction_c
00000000000f87c0 T _ZN8BX_CPU_C12VMWRITE_GdEdEP15bxInstruction_c
00000000000efec0 T _ZN8BX_CPU_C12deliver_INITEv
00000000000efe20 T _ZN8BX_CPU_C12deliver_SIPIEj
0000000000110be0 T _ZN8BX_CPU_C12load_seg_regEP16bx_segment_reg_tt
00000000000f8430 T _ZN8BX_CPU_C13ADDPD_VpdWpdREP15bxInstruction_c
00000000000f8420 T _ZN8BX_CPU_C13ADDPS_VpsWpsREP15bxInstruction_c
00000000000f8440 T _ZN8BX_CPU_C13ADDSD_VsdWsdREP15bxInstruction_c
00000000000f8450 T _ZN8BX_CPU_C13ADDSS_VssWssREP15bxInstruction_c
00000000000f7b00 T _ZN8BX_CPU_C13ANDPS_VpsWpsREP15bxInstruction_c
00000000001077b0 T _ZN8BX_CPU_C13CMOVNBE_GdEdREP15bxInstruction_c
00000000001068c0 T _ZN8BX_CPU_C13CMOVNBE_GwEwREP15bxInstruction_c
0000000000107990 T _ZN8BX_CPU_C13CMOVNLE_GdEdREP15bxInstruction_c
0000000000106aa0 T _ZN8BX_CPU_C13CMOVNLE_GwEwREP15bxInstruction_c
00000000000fd280 T _ZN8BX_CPU_C13CMPXCHG_EbGbMEP15bxInstruction_c
00000000000fd3f0 T _ZN8BX_CPU_C13CMPXCHG_EbGbREP15bxInstruction_c
000000000010e160 T _ZN8BX_CPU_C13CMPXCHG_EdGdMEP15bxInstruction_c
000000000010e2a0 T _ZN8BX_CPU_C13CMPXCHG_EdGdREP15bxInstruction_c
0000000000105540 T _ZN8BX_CPU_C13CMPXCHG_EwGwMEP15bxInstruction_c
0000000000105690 T _ZN8BX_CPU_C13CMPXCHG_EwGwREP15bxInstruction_c
00000000000f8530 T _ZN8BX_CPU_C13DIVPD_VpdWpdREP15bxInstruction_c
00000000000f8520 T _ZN8BX_CPU_C13DIVPS_VpsWpsREP15bxInstruction_c
00000000000f8540 T _ZN8BX_CPU_C13DIVSD_VsdWsdREP15bxInstruction_c
00000000000f8550 T _ZN8BX_CPU_C13DIVSS_VssWssREP15bxInstruction_c
00000000000f7ef0 T _ZN8BX_CPU_C13EXTRQ_UdqIbIbEP15bxInstruction_c
0000000000137610 T _ZN8BX_CPU_C13FCOMI_ST0_STjEP15bxInstruction_c
0000000000135760 T _ZN8BX_CPU_C13FDIVR_ST0_STjEP15bxInstruction_c
0000000000135ae0 T _ZN8BX_CPU_C13FDIVR_STi_ST0EP15bxInstruction_c
000000000014ad70 T _ZN8BX_CPU_C13FPU_exceptionEP15bxInstruction_cjb
0000000000133c80 T _ZN8BX_CPU_C13FSUBR_ST0_STjEP15bxInstruction_c
0000000000134000 T _ZN8BX_CPU_C13FSUBR_STi_ST0EP15bxInstruction_c
0000000000116450 T _ZN8BX_CPU_C13LODSD16_EAXXdEP15bxInstruction_c
00000000001160f0 T _ZN8BX_CPU_C13LODSD32_EAXXdEP15bxInstruction_c
00000000000f7910 T _ZN8BX_CPU_C13MASKMOVQ_PqNqEP15bxInstruction_c
00000000000f8570 T _ZN8BX_CPU_C13MAXPD_VpdWpdREP15bxInstruction_c
00000000000f8560 T _ZN8BX_CPU_C13MAXPS_VpsWpsREP15bxInstruction_c
00000000000f8580 T _ZN8BX_CPU_C13MAXSD_VsdWsdREP15bxInstruction_c
00000000000f8590 T _ZN8BX_CPU_C13MAXSS_VssWssREP15bxInstruction_c
00000000000f84f0 T _ZN8BX_CPU_C13MINPD_VpdWpdREP15bxInstruction_c
00000000000f84e0 T _ZN8BX_CPU_C13MINPS_VpsWpsREP15bxInstruction_c
00000000000f8500 T _ZN8BX_CPU_C13MINSD_VsdWsdREP15bxInstruction_c
00000000000f8510 T _ZN8BX_CPU_C13MINSS_VssWssREP15bxInstruction_c
00000000000f81f0 T _ZN8BX_CPU_C13MOVDQ2Q_PqUdqEP15bxInstruction_c
00000000000f8200 T _ZN8BX_CPU_C13MOVQ2DQ_VdqQqEP15bxInstruction_c
00000000000f81e0 T _ZN8BX_CPU_C13MOVSD_VsdWsdMEP15bxInstruction_c
00000000000f80f0 T _ZN8BX_CPU_C13MOVSD_VsdWsdREP15bxInstruction_c
00000000000f80e0 T _ZN8BX_CPU_C13MOVSD_WsdVsdMEP15bxInstruction_c
00000000000f80c0 T _ZN8BX_CPU_C13MOVSS_VssWssMEP15bxInstruction_c
00000000000f80b0 T _ZN8BX_CPU_C13MOVSS_VssWssREP15bxInstruction_c
00000000000f80d0 T _ZN8BX_CPU_C13MOVSS_WssVssMEP15bxInstruction_c
00000000000f8470 T _ZN8BX_CPU_C13MULPD_VpdWpdREP15bxInstruction_c
00000000000f8460 T _ZN8BX_CPU_C13MULPS_VpsWpsREP15bxInstruction_c
00000000000f8480 T _ZN8BX_CPU_C13MULSD_VsdWsdREP15bxInstruction_c
00000000000f8490 T _ZN8BX_CPU_C13MULSS_VssWssREP15bxInstruction_c
00000000000f7600 T _ZN8BX_CPU_C13PACKSSDW_PqQqEP15bxInstruction_c
00000000000f7580 T _ZN8BX_CPU_C13PACKSSWB_PqQqEP15bxInstruction_c
00000000000f75c0 T _ZN8BX_CPU_C13PACKUSWB_PqQqEP15bxInstruction_c
00000000000f7b80 T _ZN8BX_CPU_C13PADDB_VdqWdqREP15bxInstruction_c
00000000000f7ba0 T _ZN8BX_CPU_C13PADDD_VdqWdqREP15bxInstruction_c
00000000000f7bb0 T _ZN8BX_CPU_C13PADDQ_VdqWdqREP15bxInstruction_c
00000000000f7b90 T _ZN8BX_CPU_C13PADDW_VdqWdqREP15bxInstruction_c
00000000000f7a80 T _ZN8BX_CPU_C13PAVGB_VdqWdqREP15bxInstruction_c
00000000000f7a90 T _ZN8BX_CPU_C13PAVGW_VdqWdqREP15bxInstruction_c
00000000000f76e0 T _ZN8BX_CPU_C13PEXTRW_GdNqIbEP15bxInstruction_c
00000000000f76d0 T _ZN8BX_CPU_C13PINSRW_PqEwIbEP15bxInstruction_c
00000000000f7740 T _ZN8BX_CPU_C13PMOVMSKB_GdNqEP15bxInstruction_c
00000000000f7650 T _ZN8BX_CPU_C13PSHUFW_PqQqIbEP15bxInstruction_c
00000000000f7e30 T _ZN8BX_CPU_C13PSLLD_VdqWdqREP15bxInstruction_c
00000000000f7e40 T _ZN8BX_CPU_C13PSLLQ_VdqWdqREP15bxInstruction_c
00000000000f7e20 T _ZN8BX_CPU_C13PSLLW_VdqWdqREP15bxInstruction_c
00000000000f7e10 T _ZN8BX_CPU_C13PSRAD_VdqWdqREP15bxInstruction_c
00000000000f7e00 T _ZN8BX_CPU_C13PSRAW_VdqWdqREP15bxInstruction_c
00000000000f7de0 T _ZN8BX_CPU_C13PSRLD_VdqWdqREP15bxInstruction_c
00000000000f7df0 T _ZN8BX_CPU_C13PSRLQ_VdqWdqREP15bxInstruction_c
00000000000f7dd0 T _ZN8BX_CPU_C13PSRLW_VdqWdqREP15bxInstruction_c
00000000000f7b40 T _ZN8BX_CPU_C13PSUBB_VdqWdqREP15bxInstruction_c
00000000000f7b60 T _ZN8BX_CPU_C13PSUBD_VdqWdqREP15bxInstruction_c
00000000000f7b70 T _ZN8BX_CPU_C13PSUBQ_VdqWdqREP15bxInstruction_c
00000000000f7b50 T _ZN8BX_CPU_C13PSUBW_VdqWdqREP15bxInstruction_c
00000000000f8640 T _ZN8BX_CPU_C13RCPPS_VpsWpsREP15bxInstruction_c
00000000000f8650 T _ZN8BX_CPU_C13RCPSS_VssWssREP15bxInstruction_c
0000000000111c60 T _ZN8BX_CPU_C13REP_INSB_YbDXEP15bxInstruction_c
0000000000111d60 T _ZN8BX_CPU_C13REP_INSD_YdDXEP15bxInstruction_c
0000000000111ce0 T _ZN8BX_CPU_C13REP_INSW_YwDXEP15bxInstruction_c
0000000000115bd0 T _ZN8BX_CPU_C13SCASD16_EAXYdEP15bxInstruction_c
0000000000115c80 T _ZN8BX_CPU_C13SCASD32_EAXYdEP15bxInstruction_c
0000000000115b40 T _ZN8BX_CPU_C13STOSD16_YdEAXEP15bxInstruction_c
0000000000115900 T _ZN8BX_CPU_C13STOSD32_YdEAXEP15bxInstruction_c
00000000000f84b0 T _ZN8BX_CPU_C13SUBPD_VpdWpdREP15bxInstruction_c
00000000000f84a0 T _ZN8BX_CPU_C13SUBPS_VpsWpsREP15bxInstruction_c
00000000000f84c0 T _ZN8BX_CPU_C13SUBSD_VsdWsdREP15bxInstruction_c
00000000000f84d0 T _ZN8BX_CPU_C13SUBSS_VssWssREP15bxInstruction_c
00000000000f7b30 T _ZN8BX_CPU_C13XORPS_VpsWpsREP15bxInstruction_c
00000000000e8830 T _ZN8BX_CPU_C13assert_checksEv
00000000000f02d0 T _ZN8BX_CPU_C13boundaryFetchEPKhjP15bxInstruction_c
000000000010e5f0 T _ZN8BX_CPU_C13jmp_call_gateEP13bx_selector_tP15bx_descriptor_t
0000000000108e40 T _ZN8BX_CPU_C13real_mode_intEhbt
00000000000e8810 T _ZN8BX_CPU_C13sanity_checksEv
00000000000fd4d0 T _ZN8BX_CPU_C13stackPrefetchEjj
00000000001109f0 T _ZN8BX_CPU_C13touch_segmentEP13bx_selector_tP15bx_descriptor_t
00000000000f7fb0 T _ZN8BX_CPU_C13unpack_FPU_TWEt
00000000000f2780 T _ZN8BX_CPU_C13v2h_read_byteEjb
00000000000f7b10 T _ZN8BX_CPU_C14ANDNPS_VpsWpsREP15bxInstruction_c
00000000000f83d0 T _ZN8BX_CPU_C14COMISD_VsdWsdREP15bxInstruction_c
00000000000f83c0 T _ZN8BX_CPU_C14COMISS_VssWssREP15bxInstruction_c
00000000000f82d0 T _ZN8BX_CPU_C14CVTPD2PI_PqWpdEP15bxInstruction_c
00000000000f82c0 T _ZN8BX_CPU_C14CVTPS2PI_PqWpsEP15bxInstruction_c
0000000000139320 T _ZN8BX_CPU_C14FCMOVB_ST0_STjEP15bxInstruction_c
00000000001394c0 T _ZN8BX_CPU_C14FCMOVE_ST0_STjEP15bxInstruction_c
00000000001398f0 T _ZN8BX_CPU_C14FCMOVU_ST0_STjEP15bxInstruction_c
0000000000137800 T _ZN8BX_CPU_C14FUCOMI_ST0_STjEP15bxInstruction_c
00000000000f85a0 T _ZN8BX_CPU_C14HADDPD_VpdWpdREP15bxInstruction_c
00000000000f85b0 T _ZN8BX_CPU_C14HADDPS_VpsWpsREP15bxInstruction_c
00000000000f85c0 T _ZN8BX_CPU_C14HSUBPD_VpdWpdREP15bxInstruction_c
00000000000f85d0 T _ZN8BX_CPU_C14HSUBPS_VpsWpsREP15bxInstruction_c
00000000000f7f20 T _ZN8BX_CPU_C14INSERTQ_VdqUdqEP15bxInstruction_c
00000000000f8090 T _ZN8BX_CPU_C14MOVAPS_VpsWpsMEP15bxInstruction_c
00000000000f8080 T _ZN8BX_CPU_C14MOVAPS_VpsWpsREP15bxInstruction_c
00000000000f80a0 T _ZN8BX_CPU_C14MOVAPS_WpsVpsMEP15bxInstruction_c
00000000000f8120 T _ZN8BX_CPU_C14MOVDDUP_VpdWqREP15bxInstruction_c
00000000000f81a0 T _ZN8BX_CPU_C14MOVMSKPD_GdUpdEP15bxInstruction_c
00000000000f8190 T _ZN8BX_CPU_C14MOVMSKPS_GdUpsEP15bxInstruction_c
00000000000f8060 T _ZN8BX_CPU_C14MOVUPS_VpsWpsMEP15bxInstruction_c
00000000000f8070 T _ZN8BX_CPU_C14MOVUPS_WpsVpsMEP15bxInstruction_c
00000000000f7c00 T _ZN8BX_CPU_C14PADDSB_VdqWdqREP15bxInstruction_c
00000000000f7c20 T _ZN8BX_CPU_C14PADDSW_VdqWdqREP15bxInstruction_c
00000000000f7da0 T _ZN8BX_CPU_C14PEXTRW_GdUdqIbEP15bxInstruction_c
00000000000f7a70 T _ZN8BX_CPU_C14PMAXSW_VdqWdqREP15bxInstruction_c
00000000000f7a60 T _ZN8BX_CPU_C14PMAXUB_VdqWdqREP15bxInstruction_c
00000000000f7a50 T _ZN8BX_CPU_C14PMINSW_VdqWdqREP15bxInstruction_c
00000000000f7a40 T _ZN8BX_CPU_C14PMINUB_VdqWdqREP15bxInstruction_c
00000000000f8210 T _ZN8BX_CPU_C14PMOVMSKB_GdUdqEP15bxInstruction_c
00000000000f7d00 T _ZN8BX_CPU_C14PMULHW_VdqWdqREP15bxInstruction_c
00000000000f7cf0 T _ZN8BX_CPU_C14PMULLW_VdqWdqREP15bxInstruction_c
00000000000f7d40 T _ZN8BX_CPU_C14PSADBW_VdqWdqREP15bxInstruction_c
00000000000f7bc0 T _ZN8BX_CPU_C14PSUBSB_VdqWdqREP15bxInstruction_c
00000000000f7be0 T _ZN8BX_CPU_C14PSUBSW_VdqWdqREP15bxInstruction_c
00000000000f75d0 T _ZN8BX_CPU_C14PUNPCKHBW_PqQqEP15bxInstruction_c
00000000000f75f0 T _ZN8BX_CPU_C14PUNPCKHDQ_PqQqEP15bxInstruction_c
00000000000f75e0 T _ZN8BX_CPU_C14PUNPCKHWD_PqQqEP15bxInstruction_c
00000000000f7550 T _ZN8BX_CPU_C14PUNPCKLBW_PqQdEP15bxInstruction_c
00000000000f7570 T _ZN8BX_CPU_C14PUNPCKLDQ_PqQdEP15bxInstruction_c
00000000000f7560 T _ZN8BX_CPU_C14PUNPCKLWD_PqQdEP15bxInstruction_c
0000000000117700 T _ZN8BX_CPU_C14REP_CMPSB_XbYbEP15bxInstruction_c
0000000000117760 T _ZN8BX_CPU_C14REP_CMPSD_XdYdEP15bxInstruction_c
0000000000117730 T _ZN8BX_CPU_C14REP_CMPSW_XwYwEP15bxInstruction_c
00000000001178b0 T _ZN8BX_CPU_C14REP_LODSB_ALXbEP15bxInstruction_c
00000000001178e0 T _ZN8BX_CPU_C14REP_LODSW_AXXwEP15bxInstruction_c
0000000000117670 T _ZN8BX_CPU_C14REP_MOVSB_YbXbEP15bxInstruction_c
00000000001176d0 T _ZN8BX_CPU_C14REP_MOVSD_YdXdEP15bxInstruction_c
00000000001176a0 T _ZN8BX_CPU_C14REP_MOVSW_YwXwEP15bxInstruction_c
0000000000111de0 T _ZN8BX_CPU_C14REP_OUTSB_DXXbEP15bxInstruction_c
0000000000111ee0 T _ZN8BX_CPU_C14REP_OUTSD_DXXdEP15bxInstruction_c
0000000000111e60 T _ZN8BX_CPU_C14REP_OUTSW_DXXwEP15bxInstruction_c
0000000000117790 T _ZN8BX_CPU_C14REP_SCASB_ALYbEP15bxInstruction_c
00000000001177c0 T _ZN8BX_CPU_C14REP_SCASW_AXYwEP15bxInstruction_c
0000000000117820 T _ZN8BX_CPU_C14REP_STOSB_YbALEP15bxInstruction_c
0000000000117850 T _ZN8BX_CPU_C14REP_STOSW_YwAXEP15bxInstruction_c
00000000000f83f0 T _ZN8BX_CPU_C14SQRTPD_VpdWpdREP15bxInstruction_c
00000000000f83e0 T _ZN8BX_CPU_C14SQRTPS_VpsWpsREP15bxInstruction_c
00000000000f8400 T _ZN8BX_CPU_C14SQRTSD_VsdWsdREP15bxInstruction_c
00000000000f8410 T _ZN8BX_CPU_C14SQRTSS_VssWssREP15bxInstruction_c
0000000000102a20 T _ZN8BX_CPU_C14ZERO_IDIOM_GdREP15bxInstruction_c
00000000000f3c40 T _ZN8BX_CPU_C14ZERO_IDIOM_GwREP15bxInstruction_c
000000000010f310 T _ZN8BX_CPU_C14call_protectedEP15bxInstruction_ctj
00000000001181c0 T _ZN8BX_CPU_C14getHostMemAddrEjj
00000000000ecfb0 T _ZN8BX_CPU_C14getICacheEntryEv
000000000010fad0 T _ZN8BX_CPU_C14iret_protectedEP15bxInstruction_c
000000000010e760 T _ZN8BX_CPU_C14jump_protectedEP15bxInstruction_ctj
00000000000e6c10 T _ZN8BX_CPU_C14register_stateEv
00000000000f27e0 T _ZN8BX_CPU_C14v2h_write_byteEjb
00000000000f85f0 T _ZN8BX_CPU_C15CMPPD_VpdWpdIbREP15bxInstruction_c
00000000000f85e0 T _ZN8BX_CPU_C15CMPPS_VpsWpsIbREP15bxInstruction_c
00000000000f8600 T _ZN8BX_CPU_C15CMPSD_VsdWsdIbREP15bxInstruction_c
00000000000f8610 T _ZN8BX_CPU_C15CMPSS_VssWssIbREP15bxInstruction_c
00000000000f8390 T _ZN8BX_CPU_C15CVTDQ2PD_VpdWqREP15bxInstruction_c
00000000000f8380 T _ZN8BX_CPU_C15CVTPD2DQ_VqWpdREP15bxInstruction_c
00000000000f8250 T _ZN8BX_CPU_C15CVTPI2PD_VpdQqMEP15bxInstruction_c
00000000000f8240 T _ZN8BX_CPU_C15CVTPI2PD_VpdQqREP15bxInstruction_c
00000000000f8230 T _ZN8BX_CPU_C15CVTPI2PS_VpsQqMEP15bxInstruction_c
00000000000f8220 T _ZN8BX_CPU_C15CVTPI2PS_VpsQqREP15bxInstruction_c
00000000000f82e0 T _ZN8BX_CPU_C15CVTSD2SI_GdWsdREP15bxInstruction_c
00000000000f8260 T _ZN8BX_CPU_C15CVTSI2SD_VsdEdREP15bxInstruction_c
00000000000f8270 T _ZN8BX_CPU_C15CVTSI2SS_VssEdREP15bxInstruction_c
00000000000f82f0 T _ZN8BX_CPU_C15CVTSS2SI_GdWssREP15bxInstruction_c
00000000000f8290 T _ZN8BX_CPU_C15CVTTPD2PI_PqWpdEP15bxInstruction_c
00000000000f8280 T _ZN8BX_CPU_C15CVTTPS2PI_PqWpsEP15bxInstruction_c
000000000013a660 T _ZN8BX_CPU_C15FBLD_PACKED_BCDEP15bxInstruction_c
00000000001393f0 T _ZN8BX_CPU_C15FCMOVBE_ST0_STjEP15bxInstruction_c
0000000000139590 T _ZN8BX_CPU_C15FCMOVNB_ST0_STjEP15bxInstruction_c
0000000000139730 T _ZN8BX_CPU_C15FCMOVNE_ST0_STjEP15bxInstruction_c
0000000000139800 T _ZN8BX_CPU_C15FCMOVNU_ST0_STjEP15bxInstruction_c
0000000000139d50 T _ZN8BX_CPU_C15FLD_DOUBLE_REALEP15bxInstruction_c
0000000000139b30 T _ZN8BX_CPU_C15FLD_SINGLE_REALEP15bxInstruction_c
000000000013acb0 T _ZN8BX_CPU_C15FST_DOUBLE_REALEP15bxInstruction_c
000000000013aa40 T _ZN8BX_CPU_C15FST_SINGLE_REALEP15bxInstruction_c
00000000000f8100 T _ZN8BX_CPU_C15MOVHLPS_VpsWpsREP15bxInstruction_c
00000000000f8150 T _ZN8BX_CPU_C15MOVLHPS_VpsWpsREP15bxInstruction_c
00000000000f7c10 T _ZN8BX_CPU_C15PADDUSB_VdqWdqREP15bxInstruction_c
00000000000f7c30 T _ZN8BX_CPU_C15PADDUSW_VdqWdqREP15bxInstruction_c
00000000000f7aa0 T _ZN8BX_CPU_C15PCMPEQB_VdqWdqREP15bxInstruction_c
00000000000f7ac0 T _ZN8BX_CPU_C15PCMPEQD_VdqWdqREP15bxInstruction_c
00000000000f7ab0 T _ZN8BX_CPU_C15PCMPEQW_VdqWdqREP15bxInstruction_c
00000000000f7ad0 T _ZN8BX_CPU_C15PCMPGTB_VdqWdqREP15bxInstruction_c
00000000000f7af0 T _ZN8BX_CPU_C15PCMPGTD_VdqWdqREP15bxInstruction_c
00000000000f7ae0 T _ZN8BX_CPU_C15PCMPGTW_VdqWdqREP15bxInstruction_c
00000000000f7d90 T _ZN8BX_CPU_C15PINSRW_VdqEwIbMEP15bxInstruction_c
00000000000f7d80 T _ZN8BX_CPU_C15PINSRW_VdqEwIbREP15bxInstruction_c
00000000000f7d30 T _ZN8BX_CPU_C15PMADDWD_VdqWdqREP15bxInstruction_c
00000000000f7d10 T _ZN8BX_CPU_C15PMULHUW_VdqWdqREP15bxInstruction_c
00000000000f7d20 T _ZN8BX_CPU_C15PMULUDQ_VdqWdqREP15bxInstruction_c
00000000000f7bd0 T _ZN8BX_CPU_C15PSUBUSB_VdqWdqREP15bxInstruction_c
00000000000f7bf0 T _ZN8BX_CPU_C15PSUBUSW_VdqWdqREP15bxInstruction_c
0000000000117910 T _ZN8BX_CPU_C15REP_LODSD_EAXXdEP15bxInstruction_c
00000000001177f0 T _ZN8BX_CPU_C15REP_SCASD_EAXYdEP15bxInstruction_c
0000000000117880 T _ZN8BX_CPU_C15REP_STOSD_YdEAXEP15bxInstruction_c
00000000000f8670 T _ZN8BX_CPU_C15RSQRTPS_VpsWpsREP15bxInstruction_c
00000000000f8660 T _ZN8BX_CPU_C15RSQRTSS_VssWssREP15bxInstruction_c
00000000000f83b0 T _ZN8BX_CPU_C15UCOMISD_VsdWsdREP15bxInstruction_c
00000000000f83a0 T _ZN8BX_CPU_C15UCOMISS_VssWssREP15bxInstruction_c
00000000001091e0 T _ZN8BX_CPU_C15UndefinedOpcodeEP15bxInstruction_c
00000000000e6be0 T _ZN8BX_CPU_C15init_statisticsEv
0000000000101760 T _ZN8BX_CPU_C15init_v8086_modeEv
0000000000131550 T _ZN8BX_CPU_C15print_state_FPUEv
00000000000f0510 T _ZN8BX_CPU_C15serveICacheMissEjj
00000000000fdce0 T _ZN8BX_CPU_C15stack_read_byteEj
00000000000fddc0 T _ZN8BX_CPU_C15stack_read_wordEj
00000000000f8620 T _ZN8BX_CPU_C16ADDSUBPD_VpdWpdREP15bxInstruction_c
00000000000f8630 T _ZN8BX_CPU_C16ADDSUBPS_VpsWpsREP15bxInstruction_c
00000000000f8340 T _ZN8BX_CPU_C16CVTDQ2PS_VpsWdqREP15bxInstruction_c
00000000000f8310 T _ZN8BX_CPU_C16CVTPD2PS_VpsWpdREP15bxInstruction_c
00000000000f8350 T _ZN8BX_CPU_C16CVTPS2DQ_VdqWpsREP15bxInstruction_c
00000000000f8300 T _ZN8BX_CPU_C16CVTPS2PD_VpdWpsREP15bxInstruction_c
00000000000f8320 T _ZN8BX_CPU_C16CVTSD2SS_VssWsdREP15bxInstruction_c
00000000000f8330 T _ZN8BX_CPU_C16CVTSS2SD_VsdWssREP15bxInstruction_c
00000000000f8370 T _ZN8BX_CPU_C16CVTTPD2DQ_VqWpdREP15bxInstruction_c
00000000000f82a0 T _ZN8BX_CPU_C16CVTTSD2SI_GdWsdREP15bxInstruction_c
00000000000f82b0 T _ZN8BX_CPU_C16CVTTSS2SI_GdWssREP15bxInstruction_c
0000000000132620 T _ZN8BX_CPU_C16FADD_DOUBLE_REALEP15bxInstruction_c
0000000000132390 T _ZN8BX_CPU_C16FADD_SINGLE_REALEP15bxInstruction_c
000000000013b8e0 T _ZN8BX_CPU_C16FBSTP_PACKED_BCDEP15bxInstruction_c
0000000000139660 T _ZN8BX_CPU_C16FCMOVNBE_ST0_STjEP15bxInstruction_c
0000000000137f00 T _ZN8BX_CPU_C16FCOM_DOUBLE_REALEP15bxInstruction_c
0000000000137bb0 T _ZN8BX_CPU_C16FCOM_SINGLE_REALEP15bxInstruction_c
00000000001361f0 T _ZN8BX_CPU_C16FDIV_DOUBLE_REALEP15bxInstruction_c
0000000000135cd0 T _ZN8BX_CPU_C16FDIV_SINGLE_REALEP15bxInstruction_c
0000000000133390 T _ZN8BX_CPU_C16FMUL_DOUBLE_REALEP15bxInstruction_c
0000000000133100 T _ZN8BX_CPU_C16FMUL_SINGLE_REALEP15bxInstruction_c
0000000000134710 T _ZN8BX_CPU_C16FSUB_DOUBLE_REALEP15bxInstruction_c
00000000001341f0 T _ZN8BX_CPU_C16FSUB_SINGLE_REALEP15bxInstruction_c
00000000000f8140 T _ZN8BX_CPU_C16MOVSHDUP_VpsWpsREP15bxInstruction_c
00000000000f8130 T _ZN8BX_CPU_C16MOVSLDUP_VpsWpsREP15bxInstruction_c
00000000000f7c60 T _ZN8BX_CPU_C16PACKSSDW_VdqWdqREP15bxInstruction_c
00000000000f7c50 T _ZN8BX_CPU_C16PACKSSWB_VdqWdqREP15bxInstruction_c
00000000000f7c40 T _ZN8BX_CPU_C16PACKUSWB_VdqWdqREP15bxInstruction_c
00000000000f7d50 T _ZN8BX_CPU_C16PSHUFD_VdqWdqIbREP15bxInstruction_c
00000000000f7dc0 T _ZN8BX_CPU_C16SHUFPD_VpdWpdIbREP15bxInstruction_c
00000000000f7db0 T _ZN8BX_CPU_C16SHUFPS_VpsWpsIbREP15bxInstruction_c
00000000000f7c80 T _ZN8BX_CPU_C16UNPCKHPS_VpsWpsREP15bxInstruction_c
00000000000f7c70 T _ZN8BX_CPU_C16UNPCKLPS_VpsWpsREP15bxInstruction_c
0000000000110660 T _ZN8BX_CPU_C16get_descriptor_hEPK15bx_descriptor_t
0000000000110600 T _ZN8BX_CPU_C16get_descriptor_lEPK15bx_descriptor_t
00000000000efb00 T _ZN8BX_CPU_C16handleAsyncEventEv
000000000011a170 T _ZN8BX_CPU_C16read_linear_byteEjj
000000000011a270 T _ZN8BX_CPU_C16read_linear_wordEjj
000000000010f6e0 T _ZN8BX_CPU_C16return_protectedEP15bxInstruction_ct
000000000010a1a0 T _ZN8BX_CPU_C16smram_save_stateEPj
00000000000fdeb0 T _ZN8BX_CPU_C16stack_read_dwordEj
00000000000fdfa0 T _ZN8BX_CPU_C16stack_read_qwordEj
00000000000fd710 T _ZN8BX_CPU_C16stack_write_byteEjh
00000000000fd880 T _ZN8BX_CPU_C16stack_write_wordEjt
00000000000f2070 T _ZN8BX_CPU_C16system_read_byteEj
00000000000f2150 T _ZN8BX_CPU_C16system_read_wordEj
0000000000118200 T _ZN8BX_CPU_C16translate_linearEP12bx_TLB_entryjjj
00000000000f8360 T _ZN8BX_CPU_C17CVTTPS2DQ_VdqWpsREP15bxInstruction_c
0000000000136480 T _ZN8BX_CPU_C17FDIVR_DOUBLE_REALEP15bxInstruction_c
0000000000135f60 T _ZN8BX_CPU_C17FDIVR_SINGLE_REALEP15bxInstruction_c
000000000013a1b0 T _ZN8BX_CPU_C17FILD_WORD_INTEGEREP15bxInstruction_c
000000000013b1b0 T _ZN8BX_CPU_C17FIST_WORD_INTEGEREP15bxInstruction_c
0000000000139f70 T _ZN8BX_CPU_C17FLD_EXTENDED_REALEP15bxInstruction_c
00000000001349a0 T _ZN8BX_CPU_C17FSUBR_DOUBLE_REALEP15bxInstruction_c
0000000000134480 T _ZN8BX_CPU_C17FSUBR_SINGLE_REALEP15bxInstruction_c
00000000000f7f10 T _ZN8BX_CPU_C17INSERTQ_VdqUqIbIbEP15bxInstruction_c
00000000000f8180 T _ZN8BX_CPU_C17MASKMOVDQU_VdqUdqEP15bxInstruction_c
00000000000f7d60 T _ZN8BX_CPU_C17PSHUFHW_VdqWdqIbREP15bxInstruction_c
00000000000f7d70 T _ZN8BX_CPU_C17PSHUFLW_VdqWdqIbREP15bxInstruction_c
00000000000f7cd0 T _ZN8BX_CPU_C17PUNPCKHBW_VdqWdqREP15bxInstruction_c
00000000000f7ce0 T _ZN8BX_CPU_C17PUNPCKHWD_VdqWdqREP15bxInstruction_c
00000000000f7cb0 T _ZN8BX_CPU_C17PUNPCKLBW_VdqWdqREP15bxInstruction_c
00000000000f7cc0 T _ZN8BX_CPU_C17PUNPCKLWD_VdqWdqREP15bxInstruction_c
00000000001092a0 T _ZN8BX_CPU_C17enter_sleep_stateEj
000000000011a370 T _ZN8BX_CPU_C17read_linear_dwordEjj
000000000011a470 T _ZN8BX_CPU_C17read_linear_qwordEjj
00000000000fda00 T _ZN8BX_CPU_C17stack_write_dwordEjj
00000000000fdb70 T _ZN8BX_CPU_C17stack_write_qwordEjm
00000000000f2230 T _ZN8BX_CPU_C17system_read_dwordEj
00000000000f2310 T _ZN8BX_CPU_C17system_read_qwordEj
00000000000f23f0 T _ZN8BX_CPU_C17system_write_byteEjh
00000000000f2510 T _ZN8BX_CPU_C17system_write_wordEjt
0000000000110420 T _ZN8BX_CPU_C17validate_seg_regsEv
0000000000119be0 T _ZN8BX_CPU_C17write_linear_byteEjjh
0000000000119d20 T _ZN8BX_CPU_C17write_linear_wordEjjt
00000000001328b0 T _ZN8BX_CPU_C18FIADD_WORD_INTEGEREP15bxInstruction_c
0000000000138250 T _ZN8BX_CPU_C18FICOM_WORD_INTEGEREP15bxInstruction_c
0000000000136710 T _ZN8BX_CPU_C18FIDIV_WORD_INTEGEREP15bxInstruction_c
000000000013a340 T _ZN8BX_CPU_C18FILD_DWORD_INTEGEREP15bxInstruction_c
000000000013a4d0 T _ZN8BX_CPU_C18FILD_QWORD_INTEGEREP15bxInstruction_c
0000000000133620 T _ZN8BX_CPU_C18FIMUL_WORD_INTEGEREP15bxInstruction_c
000000000013b420 T _ZN8BX_CPU_C18FIST_DWORD_INTEGEREP15bxInstruction_c
0000000000134c30 T _ZN8BX_CPU_C18FISUB_WORD_INTEGEREP15bxInstruction_c
000000000014aef0 T _ZN8BX_CPU_C18FPU_stack_overflowEP15bxInstruction_c
000000000013af20 T _ZN8BX_CPU_C18FSTP_EXTENDED_REALEP15bxInstruction_c
00000000000f7ca0 T _ZN8BX_CPU_C18PUNPCKHQDQ_VdqWdqREP15bxInstruction_c
00000000000f7c90 T _ZN8BX_CPU_C18PUNPCKLQDQ_VdqWdqREP15bxInstruction_c
0000000000118670 T _ZN8BX_CPU_C18access_read_linearEjjjjjPv
00000000000ef820 T _ZN8BX_CPU_C18handleWaitForEventEv
00000000000efdb0 T _ZN8BX_CPU_C18inhibit_interruptsEj
00000000001103d0 T _ZN8BX_CPU_C18load_null_selectorEP16bx_segment_reg_tj
00000000000e6610 T _ZN8BX_CPU_C18param_save_handlerEPvP10bx_param_c
0000000000107d20 T _ZN8BX_CPU_C18protected_mode_intEhjbt
00000000000f2650 T _ZN8BX_CPU_C18system_write_dwordEjj
000000000011a100 T _ZN8BX_CPU_C18tickle_read_linearEjj
0000000000119e70 T _ZN8BX_CPU_C18write_linear_dwordEjjj
0000000000119fb0 T _ZN8BX_CPU_C18write_linear_qwordEjjm
0000000000132b10 T _ZN8BX_CPU_C19FIADD_DWORD_INTEGEREP15bxInstruction_c
0000000000138520 T _ZN8BX_CPU_C19FICOM_DWORD_INTEGEREP15bxInstruction_c
0000000000136970 T _ZN8BX_CPU_C19FIDIVR_WORD_INTEGEREP15bxInstruction_c
0000000000136be0 T _ZN8BX_CPU_C19FIDIV_DWORD_INTEGEREP15bxInstruction_c
0000000000133880 T _ZN8BX_CPU_C19FIMUL_DWORD_INTEGEREP15bxInstruction_c
000000000013b690 T _ZN8BX_CPU_C19FISTP_QWORD_INTEGEREP15bxInstruction_c
0000000000134e90 T _ZN8BX_CPU_C19FISUBR_WORD_INTEGEREP15bxInstruction_c
0000000000135100 T _ZN8BX_CPU_C19FISUB_DWORD_INTEGEREP15bxInstruction_c
000000000014af70 T _ZN8BX_CPU_C19FPU_stack_underflowEP15bxInstruction_cii
00000000001184e0 T _ZN8BX_CPU_C19access_write_linearEjjjjjPv
00000000000e89b0 T _ZN8BX_CPU_C19after_restore_stateEv
000000000011c7b0 T _ZN8BX_CPU_C19get_SS_ESP_from_TSSEjPtPj
00000000001095e0 T _ZN8BX_CPU_C19handleCpuModeChangeEv
00000000000f1c00 T _ZN8BX_CPU_C19read_virtual_checksEP16bx_segment_reg_tjjb
0000000000110740 T _ZN8BX_CPU_C19set_segment_ar_dataEP16bx_segment_reg_tbtjjt
000000000010a880 T _ZN8BX_CPU_C19smram_restore_stateEPKj
0000000000101800 T _ZN8BX_CPU_C19stack_return_to_v86Ejjj
0000000000117e30 T _ZN8BX_CPU_C19update_access_dirtyEPjS0_S0_jj
0000000000136e40 T _ZN8BX_CPU_C20FIDIVR_DWORD_INTEGEREP15bxInstruction_c
0000000000135350 T _ZN8BX_CPU_C20FISUBR_DWORD_INTEGEREP15bxInstruction_c
00000000000ef9e0 T _ZN8BX_CPU_C20InterruptAcknowledgeEv
0000000000117fa0 T _ZN8BX_CPU_C20access_read_physicalEjjPv
0000000000117ce0 T _ZN8BX_CPU_C20dbg_xlate_linear2phyEjPjS0_b
0000000000110af0 T _ZN8BX_CPU_C20fetch_raw_descriptorEPK13bx_selector_tPjS3_j
000000000012e110 T _ZN8BX_CPU_C20fpu_load_environmentEP15bxInstruction_c
000000000012f8c0 T _ZN8BX_CPU_C20fpu_save_environmentEP15bxInstruction_c
00000000000efad0 T _ZN8BX_CPU_C20interrupts_inhibitedEj
000000000011a570 T _ZN8BX_CPU_C20read_RMW_linear_byteEjj
000000000011a700 T _ZN8BX_CPU_C20read_RMW_linear_wordEjj
000000000011b1c0 T _ZN8BX_CPU_C20write_new_stack_wordEP16bx_segment_reg_tjjt
000000000011ae00 T _ZN8BX_CPU_C20write_new_stack_wordEjjt
00000000000f1a40 T _ZN8BX_CPU_C20write_virtual_checksEP16bx_segment_reg_tjjb
0000000000117e00 T _ZN8BX_CPU_C21access_write_physicalEjjPv
00000000001110e0 T _ZN8BX_CPU_C21fetch_raw_descriptor2EPK13bx_selector_tPjS3_
00000000000e6820 T _ZN8BX_CPU_C21param_restore_handlerEPvP10bx_param_cl
000000000011a8b0 T _ZN8BX_CPU_C21read_RMW_linear_dwordEjj
000000000011aa60 T _ZN8BX_CPU_C21read_RMW_linear_qwordEjj
000000000011ac10 T _ZN8BX_CPU_C21write_RMW_linear_byteEh
000000000011ac60 T _ZN8BX_CPU_C21write_RMW_linear_wordEt
000000000011b260 T _ZN8BX_CPU_C21write_new_stack_dwordEP16bx_segment_reg_tjjj
000000000011af40 T _ZN8BX_CPU_C21write_new_stack_dwordEjjj
000000000011b300 T _ZN8BX_CPU_C21write_new_stack_qwordEP16bx_segment_reg_tjjm
000000000011b080 T _ZN8BX_CPU_C21write_new_stack_qwordEjjm
00000000000f1df0 T _ZN8BX_CPU_C22execute_virtual_checksEP16bx_segment_reg_tjj
00000000001096a0 T _ZN8BX_CPU_C22handleCpuContextChangeEv
00000000000f1870 T _ZN8BX_CPU_C22init_FetchDecodeTablesEv
0000000000101720 T _ZN8BX_CPU_C22v86_redirect_interruptEh
000000000011ace0 T _ZN8BX_CPU_C22write_RMW_linear_dwordEj
000000000011ad70 T _ZN8BX_CPU_C22write_RMW_linear_qwordEm
0000000000117fd0 T _ZN8BX_CPU_C23translate_linear_legacyEjRjjj
000000000010b840 T _ZN8BX_CPU_C24debug_disasm_instructionEj
0000000000137370 T _ZN8BX_CPU_C24write_eflags_fpu_compareEi
0000000000118800 T _ZN8BX_CPU_C25check_addr_in_tlb_buffersEPKhS1_
000000000010ac60 T _ZN8BX_CPU_C25handleInterruptMaskChangeEv
000000000011b3a0 T _ZN8BX_CPU_C25task_switch_load_selectorEP16bx_segment_reg_tP13bx_selector_tth
000000000012df80 T _ZN8BX_CPU_C27FPU_update_last_instructionEP15bxInstruction_c
000000000012e000 T _ZN8BX_CPU_C28FPU_check_pending_exceptionsEv
000000000010a420 T _ZN8BX_CPU_C28enter_system_management_modeEv
0000000000101500 T _ZN8BX_CPU_C28iret16_stack_return_from_v86EP15bxInstruction_c
0000000000101610 T _ZN8BX_CPU_C28iret32_stack_return_from_v86EP15bxInstruction_c
000000000010a630 T _ZN8BX_CPU_C34resume_from_system_management_modeEP12BX_SMM_State
00000000000f8e10 T _ZN8BX_CPU_C3AAAEP15bxInstruction_c
00000000000f8ed0 T _ZN8BX_CPU_C3AADEP15bxInstruction_c
00000000000f8e90 T _ZN8BX_CPU_C3AAMEP15bxInstruction_c
00000000000f8e50 T _ZN8BX_CPU_C3AASEP15bxInstruction_c
0000000000104950 T _ZN8BX_CPU_C3CBWEP15bxInstruction_c
000000000010d6c0 T _ZN8BX_CPU_C3CDQEP15bxInstruction_c
000000000010c010 T _ZN8BX_CPU_C3CLCEP15bxInstruction_c
000000000010c170 T _ZN8BX_CPU_C3CLDEP15bxInstruction_c
000000000010c070 T _ZN8BX_CPU_C3CLIEP15bxInstruction_c
000000000010c1b0 T _ZN8BX_CPU_C3CMCEP15bxInstruction_c
0000000000104970 T _ZN8BX_CPU_C3CWDEP15bxInstruction_c
00000000000f8f00 T _ZN8BX_CPU_C3DAAEP15bxInstruction_c
00000000000f8fa0 T _ZN8BX_CPU_C3DASEP15bxInstruction_c
0000000000109370 T _ZN8BX_CPU_C3HLTEP15bxInstruction_c
0000000000109210 T _ZN8BX_CPU_C3NOPEP15bxInstruction_c
000000000010aa70 T _ZN8BX_CPU_C3RSMEP15bxInstruction_c
000000000010c040 T _ZN8BX_CPU_C3STCEP15bxInstruction_c
000000000010c190 T _ZN8BX_CPU_C3STDEP15bxInstruction_c
000000000010c0e0 T _ZN8BX_CPU_C3STIEP15bxInstruction_c
000000000010c510 T _ZN8BX_CPU_C4CLACEP15bxInstruction_c
00000000000f8720 T _ZN8BX_CPU_C4CLGIEP15bxInstruction_c
0000000000109ff0 T _ZN8BX_CPU_C4CLTSEP15bxInstruction_c
000000000010d6a0 T _ZN8BX_CPU_C4CWDEEP15bxInstruction_c
00000000000f7690 T _ZN8BX_CPU_C4EMMSEP15bxInstruction_c
000000000013c660 T _ZN8BX_CPU_C4FABSEP15bxInstruction_c
000000000013c5e0 T _ZN8BX_CPU_C4FCHSEP15bxInstruction_c
000000000013ddc0 T _ZN8BX_CPU_C4FCOSEP15bxInstruction_c
00000000001391c0 T _ZN8BX_CPU_C4FLD1EP15bxInstruction_c
0000000000139270 T _ZN8BX_CPU_C4FLDZEP15bxInstruction_c
000000000012f850 T _ZN8BX_CPU_C4FNOPEP15bxInstruction_c
000000000013dc40 T _ZN8BX_CPU_C4FSINEP15bxInstruction_c
0000000000138b70 T _ZN8BX_CPU_C4FTSTEP15bxInstruction_c
0000000000138cc0 T _ZN8BX_CPU_C4FXAMEP15bxInstruction_c
00000000000f8c40 T _ZN8BX_CPU_C4INT1EP15bxInstruction_c
00000000000f8cb0 T _ZN8BX_CPU_C4INT3EP15bxInstruction_c
00000000000f8d70 T _ZN8BX_CPU_C4INTOEP15bxInstruction_c
0000000000109400 T _ZN8BX_CPU_C4INVDEP15bxInstruction_c
000000000010bff0 T _ZN8BX_CPU_C4LAHFEP15bxInstruction_c
000000000010bf40 T _ZN8BX_CPU_C4SAHFEP15bxInstruction_c
000000000010c4b0 T _ZN8BX_CPU_C4SALCEP15bxInstruction_c
000000000010c4d0 T _ZN8BX_CPU_C4STACEP15bxInstruction_c
00000000000f8730 T _ZN8BX_CPU_C4STGIEP15bxInstruction_c
0000000000101270 T _ZN8BX_CPU_C4XLATEP15bxInstruction_c
0000000000109290 T _ZN8BX_CPU_C5CPUIDEP15bxInstruction_c
000000000013c840 T _ZN8BX_CPU_C5F2XM1EP15bxInstruction_c
000000000012f450 T _ZN8BX_CPU_C5FLDCWEP15bxInstruction_c
0000000000138fb0 T _ZN8BX_CPU_C5FLDPIEP15bxInstruction_c
000000000013d4a0 T _ZN8BX_CPU_C5FPREMEP15bxInstruction_c
000000000013cb50 T _ZN8BX_CPU_C5FPTANEP15bxInstruction_c
00000000001370b0 T _ZN8BX_CPU_C5FSQRTEP15bxInstruction_c
00000000000f7a10 T _ZN8BX_CPU_C5FWAITEP15bxInstruction_c
000000000013c990 T _ZN8BX_CPU_C5FYL2XEP15bxInstruction_c
00000000000f5370 T _ZN8BX_CPU_C5JB_JdEP15bxInstruction_c
00000000000f6870 T _ZN8BX_CPU_C5JB_JwEP15bxInstruction_c
00000000000f5710 T _ZN8BX_CPU_C5JL_JdEP15bxInstruction_c
00000000000f6c90 T _ZN8BX_CPU_C5JL_JwEP15bxInstruction_c
00000000000f52b0 T _ZN8BX_CPU_C5JO_JdEP15bxInstruction_c
00000000000f67b0 T _ZN8BX_CPU_C5JO_JwEP15bxInstruction_c
00000000000f5630 T _ZN8BX_CPU_C5JP_JdEP15bxInstruction_c
00000000000f6b90 T _ZN8BX_CPU_C5JP_JwEP15bxInstruction_c
00000000000f5570 T _ZN8BX_CPU_C5JS_JdEP15bxInstruction_c
00000000000f6ad0 T _ZN8BX_CPU_C5JS_JwEP15bxInstruction_c
00000000000f5410 T _ZN8BX_CPU_C5JZ_JdEP15bxInstruction_c
00000000000f6930 T _ZN8BX_CPU_C5JZ_JwEP15bxInstruction_c
0000000000109770 T _ZN8BX_CPU_C5MWAITEP15bxInstruction_c
0000000000109220 T _ZN8BX_CPU_C5PAUSEEP15bxInstruction_c
000000000010a040 T _ZN8BX_CPU_C5RDMSREP15bxInstruction_c
00000000001096e0 T _ZN8BX_CPU_C5RDPMCEP15bxInstruction_c
00000000001096f0 T _ZN8BX_CPU_C5RDTSCEP15bxInstruction_c
00000000000f86d0 T _ZN8BX_CPU_C5VMRUNEP15bxInstruction_c
00000000000f8750 T _ZN8BX_CPU_C5VMXONEP15bxInstruction_c
000000000010a050 T _ZN8BX_CPU_C5WRMSREP15bxInstruction_c
00000000000f8680 T _ZN8BX_CPU_C5XSAVEEP15bxInstruction_c
000000000010ba20 T _ZN8BX_CPU_C5debugEj
00000000000e8450 T _ZN8BX_CPU_C5resetEj
00000000001095d0 T _ZN8BX_CPU_C6CLZEROEP15bxInstruction_c
00000000001387f0 T _ZN8BX_CPU_C6FCOMPPEP15bxInstruction_c
0000000000131460 T _ZN8BX_CPU_C6FLDENVEP15bxInstruction_c
0000000000138f00 T _ZN8BX_CPU_C6FLDL2EEP15bxInstruction_c
0000000000138e40 T _ZN8BX_CPU_C6FLDL2TEP15bxInstruction_c
0000000000139060 T _ZN8BX_CPU_C6FLDLG2EP15bxInstruction_c
0000000000139110 T _ZN8BX_CPU_C6FLDLN2EP15bxInstruction_c
000000000012f7d0 T _ZN8BX_CPU_C6FNCLEXEP15bxInstruction_c
000000000012f800 T _ZN8BX_CPU_C6FNINITEP15bxInstruction_c
0000000000130f20 T _ZN8BX_CPU_C6FNSAVEEP15bxInstruction_c
000000000012f580 T _ZN8BX_CPU_C6FNSTCWEP15bxInstruction_c
000000000012f680 T _ZN8BX_CPU_C6FNSTSWEP15bxInstruction_c
000000000013ce90 T _ZN8BX_CPU_C6FPATANEP15bxInstruction_c
000000000013d2c0 T _ZN8BX_CPU_C6FPREM1EP15bxInstruction_c
00000000001311b0 T _ZN8BX_CPU_C6FRSTOREP15bxInstruction_c
000000000013dac0 T _ZN8BX_CPU_C6FSCALEEP15bxInstruction_c
00000000000f8040 T _ZN8BX_CPU_C6FXSAVEEP15bxInstruction_c
00000000000f87e0 T _ZN8BX_CPU_C6GETSECEP15bxInstruction_c
00000000000f8d10 T _ZN8BX_CPU_C6INT_IbEP15bxInstruction_c
0000000000117bd0 T _ZN8BX_CPU_C6INVLPGEP15bxInstruction_c
00000000000f7070 T _ZN8BX_CPU_C6IRET16EP15bxInstruction_c
00000000000f5af0 T _ZN8BX_CPU_C6IRET32EP15bxInstruction_c
00000000000f54b0 T _ZN8BX_CPU_C6JBE_JdEP15bxInstruction_c
00000000000f69f0 T _ZN8BX_CPU_C6JBE_JwEP15bxInstruction_c
00000000000f57f0 T _ZN8BX_CPU_C6JLE_JdEP15bxInstruction_c
00000000000f6d70 T _ZN8BX_CPU_C6JLE_JwEP15bxInstruction_c
00000000000f58d0 T _ZN8BX_CPU_C6JMP_ApEP15bxInstruction_c
00000000000f5270 T _ZN8BX_CPU_C6JMP_JdEP15bxInstruction_c
00000000000f6760 T _ZN8BX_CPU_C6JMP_JwEP15bxInstruction_c
00000000000f53c0 T _ZN8BX_CPU_C6JNB_JdEP15bxInstruction_c
00000000000f68d0 T _ZN8BX_CPU_C6JNB_JwEP15bxInstruction_c
00000000000f5780 T _ZN8BX_CPU_C6JNL_JdEP15bxInstruction_c
00000000000f6d00 T _ZN8BX_CPU_C6JNL_JwEP15bxInstruction_c
00000000000f5310 T _ZN8BX_CPU_C6JNO_JdEP15bxInstruction_c
00000000000f6810 T _ZN8BX_CPU_C6JNO_JwEP15bxInstruction_c
00000000000f56a0 T _ZN8BX_CPU_C6JNP_JdEP15bxInstruction_c
00000000000f6c10 T _ZN8BX_CPU_C6JNP_JwEP15bxInstruction_c
00000000000f55d0 T _ZN8BX_CPU_C6JNS_JdEP15bxInstruction_c
00000000000f6b30 T _ZN8BX_CPU_C6JNS_JwEP15bxInstruction_c
00000000000f5460 T _ZN8BX_CPU_C6JNZ_JdEP15bxInstruction_c
00000000000f6990 T _ZN8BX_CPU_C6JNZ_JwEP15bxInstruction_c
00000000000ff7e0 T _ZN8BX_CPU_C6LTR_EwEP15bxInstruction_c
00000000000fe660 T _ZN8BX_CPU_C6POPA16EP15bxInstruction_c
000000000010b3d0 T _ZN8BX_CPU_C6POPA32EP15bxInstruction_c
0000000000109700 T _ZN8BX_CPU_C6RDTSCPEP15bxInstruction_c
00000000000f8710 T _ZN8BX_CPU_C6SKINITEP15bxInstruction_c
00000000000ff3a0 T _ZN8BX_CPU_C6STR_EwEP15bxInstruction_c
0000000000109750 T _ZN8BX_CPU_C6SYSRETEP15bxInstruction_c
0000000000109cd0 T _ZN8BX_CPU_C6SetCR0EP15bxInstruction_cj
0000000000109f40 T _ZN8BX_CPU_C6SetCR3Ej
00000000000f8770 T _ZN8BX_CPU_C6VMCALLEP15bxInstruction_c
00000000000f87f0 T _ZN8BX_CPU_C6VMFUNCEP15bxInstruction_c
00000000000f86f0 T _ZN8BX_CPU_C6VMLOADEP15bxInstruction_c
00000000000f8700 T _ZN8BX_CPU_C6VMSAVEEP15bxInstruction_c
00000000000f8760 T _ZN8BX_CPU_C6VMXOFFEP15bxInstruction_c
0000000000109470 T _ZN8BX_CPU_C6WBINVDEP15bxInstruction_c
00000000000f86b0 T _ZN8BX_CPU_C6XGETBVEP15bxInstruction_c
00000000000f86a0 T _ZN8BX_CPU_C6XRSTOREP15bxInstruction_c
00000000000f8690 T _ZN8BX_CPU_C6XSAVECEP15bxInstruction_c
00000000000f86c0 T _ZN8BX_CPU_C6XSETBVEP15bxInstruction_c
000000000010bf20 T _ZN8BX_CPU_C6atexitEv
00000000000edd20 T _ZN8BX_CPU_C6repeatEP15bxInstruction_cPFvS1_E
00000000000f1fb0 T _ZN8BX_CPU_C6strsegEP16bx_segment_reg_t
0000000000109130 T _ZN8BX_CPU_C7BxErrorEP15bxInstruction_c
00000000000f4f70 T _ZN8BX_CPU_C7CALL_JdEP15bxInstruction_c
00000000000f6450 T _ZN8BX_CPU_C7CALL_JwEP15bxInstruction_c
00000000001094d0 T _ZN8BX_CPU_C7CLFLUSHEP15bxInstruction_c
00000000000fd0e0 T _ZN8BX_CPU_C7DEC_EbMEP15bxInstruction_c
00000000000fd200 T _ZN8BX_CPU_C7DEC_EbREP15bxInstruction_c
000000000010e040 T _ZN8BX_CPU_C7DEC_EdMEP15bxInstruction_c
000000000010c7a0 T _ZN8BX_CPU_C7DEC_EdREP15bxInstruction_c
0000000000105410 T _ZN8BX_CPU_C7DEC_EwMEP15bxInstruction_c
00000000001038d0 T _ZN8BX_CPU_C7DEC_EwREP15bxInstruction_c
000000000013c6e0 T _ZN8BX_CPU_C7FDECSTPEP15bxInstruction_c
000000000013c720 T _ZN8BX_CPU_C7FINCSTPEP15bxInstruction_c
0000000000139a00 T _ZN8BX_CPU_C7FLD_STiEP15bxInstruction_c
0000000000131170 T _ZN8BX_CPU_C7FNSTENVEP15bxInstruction_c
0000000000137200 T _ZN8BX_CPU_C7FRNDINTEP15bxInstruction_c
000000000013d840 T _ZN8BX_CPU_C7FSINCOSEP15bxInstruction_c
000000000013a930 T _ZN8BX_CPU_C7FST_STiEP15bxInstruction_c
00000000001389b0 T _ZN8BX_CPU_C7FUCOMPPEP15bxInstruction_c
00000000000f8050 T _ZN8BX_CPU_C7FXRSTOREP15bxInstruction_c
000000000013d050 T _ZN8BX_CPU_C7FXTRACTEP15bxInstruction_c
000000000013d680 T _ZN8BX_CPU_C7FYL2XP1EP15bxInstruction_c
00000000000fcf40 T _ZN8BX_CPU_C7INC_EbMEP15bxInstruction_c
00000000000fd060 T _ZN8BX_CPU_C7INC_EbREP15bxInstruction_c
000000000010df20 T _ZN8BX_CPU_C7INC_EdMEP15bxInstruction_c
000000000010c750 T _ZN8BX_CPU_C7INC_EdREP15bxInstruction_c
00000000001052e0 T _ZN8BX_CPU_C7INC_EwMEP15bxInstruction_c
0000000000103880 T _ZN8BX_CPU_C7INC_EwREP15bxInstruction_c
00000000000f8740 T _ZN8BX_CPU_C7INVLPGAEP15bxInstruction_c
0000000000112150 T _ZN8BX_CPU_C7IN_ALDXEP15bxInstruction_c
0000000000111f60 T _ZN8BX_CPU_C7IN_ALIbEP15bxInstruction_c
00000000001121b0 T _ZN8BX_CPU_C7IN_AXDXEP15bxInstruction_c
0000000000111fb0 T _ZN8BX_CPU_C7IN_AXIbEP15bxInstruction_c
00000000000f7240 T _ZN8BX_CPU_C7JCXZ_JbEP15bxInstruction_c
00000000000f5900 T _ZN8BX_CPU_C7JMP_EdREP15bxInstruction_c
00000000000f6e70 T _ZN8BX_CPU_C7JMP_EwREP15bxInstruction_c
00000000000f5510 T _ZN8BX_CPU_C7JNBE_JdEP15bxInstruction_c
00000000000f6a60 T _ZN8BX_CPU_C7JNBE_JwEP15bxInstruction_c
00000000000f5860 T _ZN8BX_CPU_C7JNLE_JdEP15bxInstruction_c
00000000000f6df0 T _ZN8BX_CPU_C7JNLE_JwEP15bxInstruction_c
00000000000f8020 T _ZN8BX_CPU_C7LDMXCSREP15bxInstruction_c
00000000000fea60 T _ZN8BX_CPU_C7LEAVE16EP15bxInstruction_c
000000000010b7f0 T _ZN8BX_CPU_C7LEAVE32EP15bxInstruction_c
0000000000106ed0 T _ZN8BX_CPU_C7LEA_GdMEP15bxInstruction_c
00000000001061e0 T _ZN8BX_CPU_C7LEA_GwMEP15bxInstruction_c
0000000000100440 T _ZN8BX_CPU_C7LGDT_MsEP15bxInstruction_c
0000000000100640 T _ZN8BX_CPU_C7LIDT_MsEP15bxInstruction_c
00000000000ff4f0 T _ZN8BX_CPU_C7LLDT_EwEP15bxInstruction_c
0000000000109db0 T _ZN8BX_CPU_C7LMSW_EwEP15bxInstruction_c
00000000001009e0 T _ZN8BX_CPU_C7LOAD_EbEP15bxInstruction_c
0000000000100bd0 T _ZN8BX_CPU_C7LOAD_EdEP15bxInstruction_c
0000000000100ad0 T _ZN8BX_CPU_C7LOAD_EwEP15bxInstruction_c
0000000000100cd0 T _ZN8BX_CPU_C7LOAD_WbEP15bxInstruction_c
0000000000100ce0 T _ZN8BX_CPU_C7LOAD_WwEP15bxInstruction_c
0000000000109760 T _ZN8BX_CPU_C7MONITOREP15bxInstruction_c
00000000000fcdd0 T _ZN8BX_CPU_C7NEG_EbMEP15bxInstruction_c
00000000000fcee0 T _ZN8BX_CPU_C7NEG_EbREP15bxInstruction_c
000000000010dde0 T _ZN8BX_CPU_C7NEG_EdMEP15bxInstruction_c
000000000010def0 T _ZN8BX_CPU_C7NEG_EdREP15bxInstruction_c
0000000000105190 T _ZN8BX_CPU_C7NEG_EwMEP15bxInstruction_c
00000000001052a0 T _ZN8BX_CPU_C7NEG_EwREP15bxInstruction_c
0000000000101eb0 T _ZN8BX_CPU_C7NOT_EbMEP15bxInstruction_c
0000000000101fa0 T _ZN8BX_CPU_C7NOT_EbREP15bxInstruction_c
0000000000102f00 T _ZN8BX_CPU_C7NOT_EdMEP15bxInstruction_c
0000000000102ff0 T _ZN8BX_CPU_C7NOT_EdREP15bxInstruction_c
00000000000f4150 T _ZN8BX_CPU_C7NOT_EwMEP15bxInstruction_c
00000000000f4240 T _ZN8BX_CPU_C7NOT_EwREP15bxInstruction_c
000000000010c3c0 T _ZN8BX_CPU_C7POPF_FdEP15bxInstruction_c
000000000010c270 T _ZN8BX_CPU_C7POPF_FwEP15bxInstruction_c
000000000010aeb0 T _ZN8BX_CPU_C7POP_EdMEP15bxInstruction_c
000000000010ae50 T _ZN8BX_CPU_C7POP_EdREP15bxInstruction_c
00000000000fe380 T _ZN8BX_CPU_C7POP_EwMEP15bxInstruction_c
00000000000fe320 T _ZN8BX_CPU_C7POP_EwREP15bxInstruction_c
00000000000fe520 T _ZN8BX_CPU_C7PUSHA16EP15bxInstruction_c
000000000010b2c0 T _ZN8BX_CPU_C7PUSHA32EP15bxInstruction_c
000000000010b270 T _ZN8BX_CPU_C7PUSH_IdEP15bxInstruction_c
00000000000fe4d0 T _ZN8BX_CPU_C7PUSH_IwEP15bxInstruction_c
00000000000fa800 T _ZN8BX_CPU_C7RCL_EbMEP15bxInstruction_c
00000000000fa6f0 T _ZN8BX_CPU_C7RCL_EbREP15bxInstruction_c
00000000000f9930 T _ZN8BX_CPU_C7RCL_EdMEP15bxInstruction_c
00000000000f9ac0 T _ZN8BX_CPU_C7RCL_EdREP15bxInstruction_c
00000000000f3140 T _ZN8BX_CPU_C7RCL_EwMEP15bxInstruction_c
00000000000f3320 T _ZN8BX_CPU_C7RCL_EwREP15bxInstruction_c
00000000000faaa0 T _ZN8BX_CPU_C7RCR_EbMEP15bxInstruction_c
00000000000fa9b0 T _ZN8BX_CPU_C7RCR_EbREP15bxInstruction_c
00000000000f9b60 T _ZN8BX_CPU_C7RCR_EdMEP15bxInstruction_c
00000000000f9cf0 T _ZN8BX_CPU_C7RCR_EdREP15bxInstruction_c
00000000000f3400 T _ZN8BX_CPU_C7RCR_EwMEP15bxInstruction_c
00000000000f35c0 T _ZN8BX_CPU_C7RCR_EwREP15bxInstruction_c
00000000000fa360 T _ZN8BX_CPU_C7ROL_EbMEP15bxInstruction_c
00000000000fa2b0 T _ZN8BX_CPU_C7ROL_EbREP15bxInstruction_c
00000000000f95f0 T _ZN8BX_CPU_C7ROL_EdMEP15bxInstruction_c
00000000000f9730 T _ZN8BX_CPU_C7ROL_EdREP15bxInstruction_c
00000000000f2d70 T _ZN8BX_CPU_C7ROL_EwMEP15bxInstruction_c
00000000000f2ee0 T _ZN8BX_CPU_C7ROL_EwREP15bxInstruction_c
00000000000fa580 T _ZN8BX_CPU_C7ROR_EbMEP15bxInstruction_c
00000000000fa4c0 T _ZN8BX_CPU_C7ROR_EbREP15bxInstruction_c
00000000000f9790 T _ZN8BX_CPU_C7ROR_EdMEP15bxInstruction_c
00000000000f98d0 T _ZN8BX_CPU_C7ROR_EdREP15bxInstruction_c
00000000000f2f50 T _ZN8BX_CPU_C7ROR_EwMEP15bxInstruction_c
00000000000f30c0 T _ZN8BX_CPU_C7ROR_EwREP15bxInstruction_c
00000000000fb130 T _ZN8BX_CPU_C7SAR_EbMEP15bxInstruction_c
00000000000fb0b0 T _ZN8BX_CPU_C7SAR_EbREP15bxInstruction_c
00000000000fa110 T _ZN8BX_CPU_C7SAR_EdMEP15bxInstruction_c
00000000000fa250 T _ZN8BX_CPU_C7SAR_EdREP15bxInstruction_c
00000000000f3a60 T _ZN8BX_CPU_C7SAR_EwMEP15bxInstruction_c
00000000000f3bc0 T _ZN8BX_CPU_C7SAR_EwREP15bxInstruction_c
0000000000100080 T _ZN8BX_CPU_C7SGDT_MsEP15bxInstruction_c
00000000000fad40 T _ZN8BX_CPU_C7SHL_EbMEP15bxInstruction_c
00000000000fac50 T _ZN8BX_CPU_C7SHL_EbREP15bxInstruction_c
00000000000f9da0 T _ZN8BX_CPU_C7SHL_EdMEP15bxInstruction_c
00000000000f9ef0 T _ZN8BX_CPU_C7SHL_EdREP15bxInstruction_c
00000000000f3680 T _ZN8BX_CPU_C7SHL_EwMEP15bxInstruction_c
00000000000f3800 T _ZN8BX_CPU_C7SHL_EwREP15bxInstruction_c
00000000000faf40 T _ZN8BX_CPU_C7SHR_EbMEP15bxInstruction_c
00000000000faeb0 T _ZN8BX_CPU_C7SHR_EbREP15bxInstruction_c
00000000000f9f50 T _ZN8BX_CPU_C7SHR_EdMEP15bxInstruction_c
00000000000fa0a0 T _ZN8BX_CPU_C7SHR_EdREP15bxInstruction_c
00000000000f3880 T _ZN8BX_CPU_C7SHR_EwMEP15bxInstruction_c
00000000000f39f0 T _ZN8BX_CPU_C7SHR_EwREP15bxInstruction_c
0000000000100260 T _ZN8BX_CPU_C7SIDT_MsEP15bxInstruction_c
00000000000ff250 T _ZN8BX_CPU_C7SLDT_EwEP15bxInstruction_c
00000000000f8030 T _ZN8BX_CPU_C7STMXCSREP15bxInstruction_c
0000000000109740 T _ZN8BX_CPU_C7SYSCALLEP15bxInstruction_c
0000000000109730 T _ZN8BX_CPU_C7SYSEXITEP15bxInstruction_c
00000000000ffb20 T _ZN8BX_CPU_C7VERR_EwEP15bxInstruction_c
00000000000ffde0 T _ZN8BX_CPU_C7VERW_EwEP15bxInstruction_c
00000000000f87d0 T _ZN8BX_CPU_C7VMCLEAREP15bxInstruction_c
00000000000f86e0 T _ZN8BX_CPU_C7VMMCALLEP15bxInstruction_c
00000000000f8790 T _ZN8BX_CPU_C7VMPTRLDEP15bxInstruction_c
00000000000f87a0 T _ZN8BX_CPU_C7VMPTRSTEP15bxInstruction_c
00000000001102f0 T _ZN8BX_CPU_C7load_csEP13bx_selector_tP15bx_descriptor_th
0000000000110a70 T _ZN8BX_CPU_C7load_ssEP13bx_selector_tP15bx_descriptor_th
0000000000113820 T _ZN8BX_CPU_C8BSWAP_RXEP15bxInstruction_c
0000000000114970 T _ZN8BX_CPU_C8BT_EdGdMEP15bxInstruction_c
0000000000114aa0 T _ZN8BX_CPU_C8BT_EdGdREP15bxInstruction_c
0000000000114fd0 T _ZN8BX_CPU_C8BT_EdIbMEP15bxInstruction_c
00000000001150f0 T _ZN8BX_CPU_C8BT_EdIbREP15bxInstruction_c
00000000001139a0 T _ZN8BX_CPU_C8BT_EwGwMEP15bxInstruction_c
0000000000113ad0 T _ZN8BX_CPU_C8BT_EwGwREP15bxInstruction_c
0000000000114050 T _ZN8BX_CPU_C8BT_EwIbMEP15bxInstruction_c
0000000000114170 T _ZN8BX_CPU_C8BT_EwIbREP15bxInstruction_c
00000000000f5020 T _ZN8BX_CPU_C8CALL_EdREP15bxInstruction_c
00000000000f6510 T _ZN8BX_CPU_C8CALL_EwREP15bxInstruction_c
0000000000137450 T _ZN8BX_CPU_C8FCOM_STiEP15bxInstruction_c
000000000013bd40 T _ZN8BX_CPU_C8FISTTP16EP15bxInstruction_c
000000000013bf90 T _ZN8BX_CPU_C8FISTTP32EP15bxInstruction_c
000000000013c1e0 T _ZN8BX_CPU_C8FISTTP64EP15bxInstruction_c
000000000012f870 T _ZN8BX_CPU_C8FPLEGACYEP15bxInstruction_c
000000000013c430 T _ZN8BX_CPU_C8FXCH_STiEP15bxInstruction_c
0000000000112210 T _ZN8BX_CPU_C8IN_EAXDXEP15bxInstruction_c
0000000000112010 T _ZN8BX_CPU_C8IN_EAXIbEP15bxInstruction_c
00000000000f5cc0 T _ZN8BX_CPU_C8JECXZ_JbEP15bxInstruction_c
00000000000f6ec0 T _ZN8BX_CPU_C8JMP16_EpEP15bxInstruction_c
00000000000f5940 T _ZN8BX_CPU_C8JMP32_EpEP15bxInstruction_c
00000000000fec80 T _ZN8BX_CPU_C8LAR_GvEwEP15bxInstruction_c
0000000000105b20 T _ZN8BX_CPU_C8LDS_GdMpEP15bxInstruction_c
0000000000105b10 T _ZN8BX_CPU_C8LDS_GwMpEP15bxInstruction_c
0000000000105b00 T _ZN8BX_CPU_C8LES_GdMpEP15bxInstruction_c
0000000000105af0 T _ZN8BX_CPU_C8LES_GwMpEP15bxInstruction_c
0000000000105b40 T _ZN8BX_CPU_C8LFS_GdMpEP15bxInstruction_c
0000000000105b30 T _ZN8BX_CPU_C8LFS_GwMpEP15bxInstruction_c
0000000000105b60 T _ZN8BX_CPU_C8LGS_GdMpEP15bxInstruction_c
0000000000105b50 T _ZN8BX_CPU_C8LGS_GwMpEP15bxInstruction_c
0000000000100d10 T _ZN8BX_CPU_C8LOAD_WdqEP15bxInstruction_c
0000000000100d00 T _ZN8BX_CPU_C8LOAD_WsdEP15bxInstruction_c
0000000000100cf0 T _ZN8BX_CPU_C8LOAD_WssEP15bxInstruction_c
00000000000fef60 T _ZN8BX_CPU_C8LSL_GvEwEP15bxInstruction_c
0000000000105b80 T _ZN8BX_CPU_C8LSS_GdMpEP15bxInstruction_c
0000000000105b70 T _ZN8BX_CPU_C8LSS_GwMpEP15bxInstruction_c
0000000000101000 T _ZN8BX_CPU_C8MOV_ALOdEP15bxInstruction_c
0000000000106230 T _ZN8BX_CPU_C8MOV_AXOdEP15bxInstruction_c
0000000000109780 T _ZN8BX_CPU_C8MOV_DdRdEP15bxInstruction_c
00000000001010c0 T _ZN8BX_CPU_C8MOV_OdALEP15bxInstruction_c
00000000001062f0 T _ZN8BX_CPU_C8MOV_OdAXEP15bxInstruction_c
00000000001098b0 T _ZN8BX_CPU_C8MOV_RdDdEP15bxInstruction_c
0000000000106060 T _ZN8BX_CPU_C8MOV_SwEwEP15bxInstruction_c
0000000000101fd0 T _ZN8BX_CPU_C8OR_EbGbMEP15bxInstruction_c
0000000000101d60 T _ZN8BX_CPU_C8OR_EbIbMEP15bxInstruction_c
0000000000101e60 T _ZN8BX_CPU_C8OR_EbIbREP15bxInstruction_c
0000000000103010 T _ZN8BX_CPU_C8OR_EdGdMEP15bxInstruction_c
0000000000102dd0 T _ZN8BX_CPU_C8OR_EdIdMEP15bxInstruction_c
0000000000102ed0 T _ZN8BX_CPU_C8OR_EdIdREP15bxInstruction_c
00000000000f4260 T _ZN8BX_CPU_C8OR_EwGwMEP15bxInstruction_c
00000000000f4010 T _ZN8BX_CPU_C8OR_EwIwMEP15bxInstruction_c
00000000000f4120 T _ZN8BX_CPU_C8OR_EwIwREP15bxInstruction_c
0000000000102180 T _ZN8BX_CPU_C8OR_GbEbMEP15bxInstruction_c
00000000001020f0 T _ZN8BX_CPU_C8OR_GbEbREP15bxInstruction_c
0000000000103150 T _ZN8BX_CPU_C8OR_GdEdMEP15bxInstruction_c
0000000000103120 T _ZN8BX_CPU_C8OR_GdEdREP15bxInstruction_c
00000000000f43b0 T _ZN8BX_CPU_C8OR_GwEwMEP15bxInstruction_c
00000000000f4370 T _ZN8BX_CPU_C8OR_GwEwREP15bxInstruction_c
0000000000112270 T _ZN8BX_CPU_C8OUT_DXALEP15bxInstruction_c
00000000001122d0 T _ZN8BX_CPU_C8OUT_DXAXEP15bxInstruction_c
0000000000112060 T _ZN8BX_CPU_C8OUT_IbALEP15bxInstruction_c
00000000001120b0 T _ZN8BX_CPU_C8OUT_IbAXEP15bxInstruction_c
00000000000fe290 T _ZN8BX_CPU_C8POP16_SwEP15bxInstruction_c
000000000010b1d0 T _ZN8BX_CPU_C8POP32_SwEP15bxInstruction_c
00000000000f7860 T _ZN8BX_CPU_C8POR_PqQqEP15bxInstruction_c
0000000000109230 T _ZN8BX_CPU_C8PREFETCHEP15bxInstruction_c
000000000010c340 T _ZN8BX_CPU_C8PUSHF_FdEP15bxInstruction_c
000000000010c1f0 T _ZN8BX_CPU_C8PUSHF_FwEP15bxInstruction_c
000000000010b040 T _ZN8BX_CPU_C8PUSH_EdMEP15bxInstruction_c
000000000010aff0 T _ZN8BX_CPU_C8PUSH_EdREP15bxInstruction_c
00000000000fe100 T _ZN8BX_CPU_C8PUSH_EwMEP15bxInstruction_c
00000000000fe0b0 T _ZN8BX_CPU_C8PUSH_EwREP15bxInstruction_c
0000000000109710 T _ZN8BX_CPU_C8RDPID_EdEP15bxInstruction_c
0000000000112610 T _ZN8BX_CPU_C8SETB_EbMEP15bxInstruction_c
0000000000112700 T _ZN8BX_CPU_C8SETB_EbREP15bxInstruction_c
0000000000113290 T _ZN8BX_CPU_C8SETL_EbMEP15bxInstruction_c
00000000001133a0 T _ZN8BX_CPU_C8SETL_EbREP15bxInstruction_c
0000000000112390 T _ZN8BX_CPU_C8SETO_EbMEP15bxInstruction_c
0000000000112490 T _ZN8BX_CPU_C8SETO_EbREP15bxInstruction_c
0000000000112fd0 T _ZN8BX_CPU_C8SETP_EbMEP15bxInstruction_c
00000000001130e0 T _ZN8BX_CPU_C8SETP_EbREP15bxInstruction_c
0000000000112d50 T _ZN8BX_CPU_C8SETS_EbMEP15bxInstruction_c
0000000000112e50 T _ZN8BX_CPU_C8SETS_EbREP15bxInstruction_c
0000000000112870 T _ZN8BX_CPU_C8SETZ_EbMEP15bxInstruction_c
0000000000112960 T _ZN8BX_CPU_C8SETZ_EbREP15bxInstruction_c
0000000000109b90 T _ZN8BX_CPU_C8SMSW_EwMEP15bxInstruction_c
0000000000109b60 T _ZN8BX_CPU_C8SMSW_EwREP15bxInstruction_c
0000000000109720 T _ZN8BX_CPU_C8SYSENTEREP15bxInstruction_c
00000000000f8780 T _ZN8BX_CPU_C8VMLAUNCHEP15bxInstruction_c
0000000000111b20 T _ZN8BX_CPU_C8allow_ioEP15bxInstruction_ctj
00000000001101f0 T _ZN8BX_CPU_C8check_csEP15bx_descriptor_tthh
00000000000ee2d0 T _ZN8BX_CPU_C8cpu_loopEv
00000000000ece50 T _ZN8BX_CPU_C8prefetchEv
0000000000109ac0 T _ZN8BX_CPU_C8read_CR0Ev
0000000000109340 T _ZN8BX_CPU_C8shutdownEv
00000000000fb600 T _ZN8BX_CPU_C9ADC_EbGbMEP15bxInstruction_c
00000000000fc8e0 T _ZN8BX_CPU_C9ADC_EbIbMEP15bxInstruction_c
00000000000fca20 T _ZN8BX_CPU_C9ADC_EbIbREP15bxInstruction_c
000000000010ca80 T _ZN8BX_CPU_C9ADC_EdGdMEP15bxInstruction_c
000000000010d9c0 T _ZN8BX_CPU_C9ADC_EdIdMEP15bxInstruction_c
000000000010daf0 T _ZN8BX_CPU_C9ADC_EdIdREP15bxInstruction_c
0000000000103c20 T _ZN8BX_CPU_C9ADC_EwGwMEP15bxInstruction_c
0000000000104ce0 T _ZN8BX_CPU_C9ADC_EwIwMEP15bxInstruction_c
0000000000104e20 T _ZN8BX_CPU_C9ADC_EwIwREP15bxInstruction_c
00000000000fb800 T _ZN8BX_CPU_C9ADC_GbEbMEP15bxInstruction_c
00000000000fb750 T _ZN8BX_CPU_C9ADC_GbEbREP15bxInstruction_c
000000000010cc10 T _ZN8BX_CPU_C9ADC_GdEdMEP15bxInstruction_c
000000000010cbc0 T _ZN8BX_CPU_C9ADC_GdEdREP15bxInstruction_c
0000000000103dd0 T _ZN8BX_CPU_C9ADC_GwEwMEP15bxInstruction_c
0000000000103d60 T _ZN8BX_CPU_C9ADC_GwEwREP15bxInstruction_c
00000000000fb2b0 T _ZN8BX_CPU_C9ADD_EbGbMEP15bxInstruction_c
00000000000fc730 T _ZN8BX_CPU_C9ADD_EbIbMEP15bxInstruction_c
00000000000fc860 T _ZN8BX_CPU_C9ADD_EbIbREP15bxInstruction_c
000000000010c7f0 T _ZN8BX_CPU_C9ADD_EdGdMEP15bxInstruction_c
000000000010d860 T _ZN8BX_CPU_C9ADD_EdIdMEP15bxInstruction_c
000000000010d980 T _ZN8BX_CPU_C9ADD_EdIdREP15bxInstruction_c
0000000000103930 T _ZN8BX_CPU_C9ADD_EwGwMEP15bxInstruction_c
0000000000104b50 T _ZN8BX_CPU_C9ADD_EwIwMEP15bxInstruction_c
0000000000104c80 T _ZN8BX_CPU_C9ADD_EwIwREP15bxInstruction_c
00000000000fb490 T _ZN8BX_CPU_C9ADD_GbEbMEP15bxInstruction_c
00000000000fb3f0 T _ZN8BX_CPU_C9ADD_GbEbREP15bxInstruction_c
000000000010c950 T _ZN8BX_CPU_C9ADD_GdEdMEP15bxInstruction_c
000000000010c910 T _ZN8BX_CPU_C9ADD_GdEdREP15bxInstruction_c
0000000000103ad0 T _ZN8BX_CPU_C9ADD_GwEwMEP15bxInstruction_c
0000000000103a70 T _ZN8BX_CPU_C9ADD_GwEwREP15bxInstruction_c
00000000001022d0 T _ZN8BX_CPU_C9AND_EbGbMEP15bxInstruction_c
00000000001025d0 T _ZN8BX_CPU_C9AND_EbIbMEP15bxInstruction_c
00000000001026d0 T _ZN8BX_CPU_C9AND_EbIbREP15bxInstruction_c
0000000000103270 T _ZN8BX_CPU_C9AND_EdGdMEP15bxInstruction_c
00000000001034d0 T _ZN8BX_CPU_C9AND_EdIdMEP15bxInstruction_c
00000000001035d0 T _ZN8BX_CPU_C9AND_EdIdREP15bxInstruction_c
00000000000f44d0 T _ZN8BX_CPU_C9AND_EwGwMEP15bxInstruction_c
00000000000f4740 T _ZN8BX_CPU_C9AND_EwIwMEP15bxInstruction_c
00000000000f4850 T _ZN8BX_CPU_C9AND_EwIwREP15bxInstruction_c
0000000000102480 T _ZN8BX_CPU_C9AND_GbEbMEP15bxInstruction_c
00000000001023f0 T _ZN8BX_CPU_C9AND_GbEbREP15bxInstruction_c
00000000001033b0 T _ZN8BX_CPU_C9AND_GdEdMEP15bxInstruction_c
0000000000103380 T _ZN8BX_CPU_C9AND_GdEdREP15bxInstruction_c
00000000000f4620 T _ZN8BX_CPU_C9AND_GwEwMEP15bxInstruction_c
00000000000f45e0 T _ZN8BX_CPU_C9AND_GwEwREP15bxInstruction_c
00000000000fead0 T _ZN8BX_CPU_C9ARPL_EwGwEP15bxInstruction_c
0000000000114880 T _ZN8BX_CPU_C9BSF_GdEdREP15bxInstruction_c
00000000001138a0 T _ZN8BX_CPU_C9BSF_GwEwREP15bxInstruction_c
0000000000114900 T _ZN8BX_CPU_C9BSR_GdEdREP15bxInstruction_c
0000000000113930 T _ZN8BX_CPU_C9BSR_GwEwREP15bxInstruction_c
0000000000113860 T _ZN8BX_CPU_C9BSWAP_ERXEP15bxInstruction_c
0000000000114e30 T _ZN8BX_CPU_C9BTC_EdGdMEP15bxInstruction_c
0000000000114f70 T _ZN8BX_CPU_C9BTC_EdGdREP15bxInstruction_c
00000000001152c0 T _ZN8BX_CPU_C9BTC_EdIbMEP15bxInstruction_c
00000000001153f0 T _ZN8BX_CPU_C9BTC_EdIbREP15bxInstruction_c
0000000000113ea0 T _ZN8BX_CPU_C9BTC_EwGwMEP15bxInstruction_c
0000000000113ff0 T _ZN8BX_CPU_C9BTC_EwGwREP15bxInstruction_c
0000000000114360 T _ZN8BX_CPU_C9BTC_EwIbMEP15bxInstruction_c
0000000000114490 T _ZN8BX_CPU_C9BTC_EwIbREP15bxInstruction_c
0000000000114c90 T _ZN8BX_CPU_C9BTR_EdGdMEP15bxInstruction_c
0000000000114dd0 T _ZN8BX_CPU_C9BTR_EdGdREP15bxInstruction_c
0000000000115440 T _ZN8BX_CPU_C9BTR_EdIbMEP15bxInstruction_c
0000000000115570 T _ZN8BX_CPU_C9BTR_EdIbREP15bxInstruction_c
0000000000113ce0 T _ZN8BX_CPU_C9BTR_EwGwMEP15bxInstruction_c
0000000000113e30 T _ZN8BX_CPU_C9BTR_EwGwREP15bxInstruction_c
0000000000114500 T _ZN8BX_CPU_C9BTR_EwIbMEP15bxInstruction_c
0000000000114630 T _ZN8BX_CPU_C9BTR_EwIbREP15bxInstruction_c
0000000000114af0 T _ZN8BX_CPU_C9BTS_EdGdMEP15bxInstruction_c
0000000000114c30 T _ZN8BX_CPU_C9BTS_EdGdREP15bxInstruction_c
0000000000115140 T _ZN8BX_CPU_C9BTS_EdIbMEP15bxInstruction_c
0000000000115270 T _ZN8BX_CPU_C9BTS_EdIbREP15bxInstruction_c
0000000000113b20 T _ZN8BX_CPU_C9BTS_EwGwMEP15bxInstruction_c
0000000000113c70 T _ZN8BX_CPU_C9BTS_EwGwREP15bxInstruction_c
00000000001141c0 T _ZN8BX_CPU_C9BTS_EwIbMEP15bxInstruction_c
00000000001142f0 T _ZN8BX_CPU_C9BTS_EwIbREP15bxInstruction_c
00000000000f64f0 T _ZN8BX_CPU_C9CALL16_ApEP15bxInstruction_c
00000000000f65b0 T _ZN8BX_CPU_C9CALL16_EpEP15bxInstruction_c
00000000000f5010 T _ZN8BX_CPU_C9CALL32_ApEP15bxInstruction_c
00000000000f50c0 T _ZN8BX_CPU_C9CALL32_EpEP15bxInstruction_c
000000000010e300 T _ZN8BX_CPU_C9CMPXCHG8BEP15bxInstruction_c
00000000000fc200 T _ZN8BX_CPU_C9CMP_EbGbMEP15bxInstruction_c
00000000000fcc50 T _ZN8BX_CPU_C9CMP_EbIbMEP15bxInstruction_c
00000000000fcd70 T _ZN8BX_CPU_C9CMP_EbIbREP15bxInstruction_c
000000000010d440 T _ZN8BX_CPU_C9CMP_EdGdMEP15bxInstruction_c
000000000010dc90 T _ZN8BX_CPU_C9CMP_EdIdMEP15bxInstruction_c
000000000010dda0 T _ZN8BX_CPU_C9CMP_EdIdREP15bxInstruction_c
00000000001046b0 T _ZN8BX_CPU_C9CMP_EwGwMEP15bxInstruction_c
0000000000105020 T _ZN8BX_CPU_C9CMP_EwIwMEP15bxInstruction_c
0000000000105140 T _ZN8BX_CPU_C9CMP_EwIwREP15bxInstruction_c
00000000000fc3b0 T _ZN8BX_CPU_C9CMP_GbEbMEP15bxInstruction_c
00000000000fc330 T _ZN8BX_CPU_C9CMP_GbEbREP15bxInstruction_c
000000000010d590 T _ZN8BX_CPU_C9CMP_GdEdMEP15bxInstruction_c
000000000010d550 T _ZN8BX_CPU_C9CMP_GdEdREP15bxInstruction_c
0000000000104820 T _ZN8BX_CPU_C9CMP_GwEwMEP15bxInstruction_c
00000000001047d0 T _ZN8BX_CPU_C9CMP_GwEwREP15bxInstruction_c
0000000000100900 T _ZN8BX_CPU_C9DIV_ALEbREP15bxInstruction_c
00000000000f90e0 T _ZN8BX_CPU_C9DIV_AXEwREP15bxInstruction_c
000000000013c760 T _ZN8BX_CPU_C9FFREE_STiEP15bxInstruction_c
000000000012f790 T _ZN8BX_CPU_C9FNSTSW_AXEP15bxInstruction_c
00000000001379f0 T _ZN8BX_CPU_C9FUCOM_STiEP15bxInstruction_c
0000000000100d20 T _ZN8BX_CPU_C9LOADU_WdqEP15bxInstruction_c
00000000000f7470 T _ZN8BX_CPU_C9LOOP16_JbEP15bxInstruction_c
00000000000f5ee0 T _ZN8BX_CPU_C9LOOP32_JbEP15bxInstruction_c
0000000000109d30 T _ZN8BX_CPU_C9MOV_CR0RdEP15bxInstruction_c
00000000001099b0 T _ZN8BX_CPU_C9MOV_CR2RdEP15bxInstruction_c
0000000000109f70 T _ZN8BX_CPU_C9MOV_CR3RdEP15bxInstruction_c
0000000000109a00 T _ZN8BX_CPU_C9MOV_CR4RdEP15bxInstruction_c
0000000000106f20 T _ZN8BX_CPU_C9MOV_EAXOdEP15bxInstruction_c
0000000000100d90 T _ZN8BX_CPU_C9MOV_EbGbMEP15bxInstruction_c
0000000000101180 T _ZN8BX_CPU_C9MOV_EbIbMEP15bxInstruction_c
0000000000100d50 T _ZN8BX_CPU_C9MOV_EbIbREP15bxInstruction_c
0000000000106b10 T _ZN8BX_CPU_C9MOV_EdIdMEP15bxInstruction_c
0000000000106c00 T _ZN8BX_CPU_C9MOV_EdIdREP15bxInstruction_c
0000000000105cc0 T _ZN8BX_CPU_C9MOV_EwGwMEP15bxInstruction_c
0000000000105bb0 T _ZN8BX_CPU_C9MOV_EwIwMEP15bxInstruction_c
0000000000105ca0 T _ZN8BX_CPU_C9MOV_EwIwREP15bxInstruction_c
0000000000105f30 T _ZN8BX_CPU_C9MOV_EwSwMEP15bxInstruction_c
0000000000105ec0 T _ZN8BX_CPU_C9MOV_EwSwREP15bxInstruction_c
0000000000100ea0 T _ZN8BX_CPU_C9MOV_GbEbMEP15bxInstruction_c
0000000000100fb0 T _ZN8BX_CPU_C9MOV_GbEbREP15bxInstruction_c
0000000000106d60 T _ZN8BX_CPU_C9MOV_GdEdREP15bxInstruction_c
0000000000105dd0 T _ZN8BX_CPU_C9MOV_GwEwMEP15bxInstruction_c
0000000000105db0 T _ZN8BX_CPU_C9MOV_GwEwREP15bxInstruction_c
0000000000106fe0 T _ZN8BX_CPU_C9MOV_OdEAXEP15bxInstruction_c
0000000000109ae0 T _ZN8BX_CPU_C9MOV_RdCR0EP15bxInstruction_c
0000000000109a10 T _ZN8BX_CPU_C9MOV_RdCR2EP15bxInstruction_c
0000000000109a60 T _ZN8BX_CPU_C9MOV_RdCR3EP15bxInstruction_c
0000000000109ab0 T _ZN8BX_CPU_C9MOV_RdCR4EP15bxInstruction_c
0000000000100840 T _ZN8BX_CPU_C9MUL_ALEbREP15bxInstruction_c
00000000000f9040 T _ZN8BX_CPU_C9MUL_AXEwREP15bxInstruction_c
0000000000112330 T _ZN8BX_CPU_C9OUT_DXEAXEP15bxInstruction_c
0000000000112100 T _ZN8BX_CPU_C9OUT_IbEAXEP15bxInstruction_c
00000000000f7780 T _ZN8BX_CPU_C9PAND_PqQqEP15bxInstruction_c
00000000000fe230 T _ZN8BX_CPU_C9PUSH16_SwEP15bxInstruction_c
000000000010b170 T _ZN8BX_CPU_C9PUSH32_SwEP15bxInstruction_c
00000000000f78a0 T _ZN8BX_CPU_C9PXOR_PqQqEP15bxInstruction_c
00000000001188e0 T _ZN8BX_CPU_C9RDRAND_EdEP15bxInstruction_c
0000000000118880 T _ZN8BX_CPU_C9RDRAND_EwEP15bxInstruction_c
00000000001189d0 T _ZN8BX_CPU_C9RDSEED_EdEP15bxInstruction_c
0000000000118970 T _ZN8BX_CPU_C9RDSEED_EwEP15bxInstruction_c
00000000000fb970 T _ZN8BX_CPU_C9SBB_EbGbMEP15bxInstruction_c
00000000000fbcf0 T _ZN8BX_CPU_C9SBB_EbIbMEP15bxInstruction_c
00000000000fbe30 T _ZN8BX_CPU_C9SBB_EbIbREP15bxInstruction_c
000000000010cd50 T _ZN8BX_CPU_C9SBB_EdGdMEP15bxInstruction_c
000000000010d020 T _ZN8BX_CPU_C9SBB_EdIdMEP15bxInstruction_c
000000000010d150 T _ZN8BX_CPU_C9SBB_EdIdREP15bxInstruction_c
0000000000103f20 T _ZN8BX_CPU_C9SBB_EwGwMEP15bxInstruction_c
0000000000104220 T _ZN8BX_CPU_C9SBB_EwIwMEP15bxInstruction_c
0000000000104360 T _ZN8BX_CPU_C9SBB_EwIwREP15bxInstruction_c
00000000000fbb70 T _ZN8BX_CPU_C9SBB_GbEbMEP15bxInstruction_c
00000000000fbac0 T _ZN8BX_CPU_C9SBB_GbEbREP15bxInstruction_c
000000000010cee0 T _ZN8BX_CPU_C9SBB_GdEdMEP15bxInstruction_c
000000000010ce90 T _ZN8BX_CPU_C9SBB_GdEdREP15bxInstruction_c
00000000001040d0 T _ZN8BX_CPU_C9SBB_GwEwMEP15bxInstruction_c
0000000000104070 T _ZN8BX_CPU_C9SBB_GwEwREP15bxInstruction_c
0000000000112ad0 T _ZN8BX_CPU_C9SETBE_EbMEP15bxInstruction_c
0000000000112bd0 T _ZN8BX_CPU_C9SETBE_EbREP15bxInstruction_c
0000000000113550 T _ZN8BX_CPU_C9SETLE_EbMEP15bxInstruction_c
0000000000113660 T _ZN8BX_CPU_C9SETLE_EbREP15bxInstruction_c
0000000000112730 T _ZN8BX_CPU_C9SETNB_EbMEP15bxInstruction_c
0000000000112830 T _ZN8BX_CPU_C9SETNB_EbREP15bxInstruction_c
00000000001133f0 T _ZN8BX_CPU_C9SETNL_EbMEP15bxInstruction_c
0000000000113500 T _ZN8BX_CPU_C9SETNL_EbREP15bxInstruction_c
00000000001124d0 T _ZN8BX_CPU_C9SETNO_EbMEP15bxInstruction_c
00000000001125d0 T _ZN8BX_CPU_C9SETNO_EbREP15bxInstruction_c
0000000000113130 T _ZN8BX_CPU_C9SETNP_EbMEP15bxInstruction_c
0000000000113240 T _ZN8BX_CPU_C9SETNP_EbREP15bxInstruction_c
0000000000112e90 T _ZN8BX_CPU_C9SETNS_EbMEP15bxInstruction_c
0000000000112f90 T _ZN8BX_CPU_C9SETNS_EbREP15bxInstruction_c
00000000001129a0 T _ZN8BX_CPU_C9SETNZ_EbMEP15bxInstruction_c
0000000000112a90 T _ZN8BX_CPU_C9SETNZ_EbREP15bxInstruction_c
00000000000fbeb0 T _ZN8BX_CPU_C9SUB_EbGbMEP15bxInstruction_c
00000000000fca90 T _ZN8BX_CPU_C9SUB_EbIbMEP15bxInstruction_c
00000000000fcbd0 T _ZN8BX_CPU_C9SUB_EbIbREP15bxInstruction_c
000000000010d1a0 T _ZN8BX_CPU_C9SUB_EdGdMEP15bxInstruction_c
000000000010db30 T _ZN8BX_CPU_C9SUB_EdIdMEP15bxInstruction_c
000000000010dc50 T _ZN8BX_CPU_C9SUB_EdIdREP15bxInstruction_c
00000000001043c0 T _ZN8BX_CPU_C9SUB_EwGwMEP15bxInstruction_c
0000000000104e80 T _ZN8BX_CPU_C9SUB_EwIwMEP15bxInstruction_c
0000000000104fc0 T _ZN8BX_CPU_C9SUB_EwIwREP15bxInstruction_c
00000000000fc090 T _ZN8BX_CPU_C9SUB_GbEbMEP15bxInstruction_c
00000000000fbff0 T _ZN8BX_CPU_C9SUB_GbEbREP15bxInstruction_c
000000000010d310 T _ZN8BX_CPU_C9SUB_GdEdMEP15bxInstruction_c
000000000010d2c0 T _ZN8BX_CPU_C9SUB_GdEdREP15bxInstruction_c
0000000000104560 T _ZN8BX_CPU_C9SUB_GwEwMEP15bxInstruction_c
0000000000104500 T _ZN8BX_CPU_C9SUB_GwEwREP15bxInstruction_c
0000000000117940 T _ZN8BX_CPU_C9TLB_flushEv
0000000000101910 T _ZN8BX_CPU_C9XOR_EbGbMEP15bxInstruction_c
0000000000101c10 T _ZN8BX_CPU_C9XOR_EbIbMEP15bxInstruction_c
0000000000101d10 T _ZN8BX_CPU_C9XOR_EbIbREP15bxInstruction_c
0000000000102a40 T _ZN8BX_CPU_C9XOR_EdGdMEP15bxInstruction_c
0000000000102ca0 T _ZN8BX_CPU_C9XOR_EdIdMEP15bxInstruction_c
0000000000102da0 T _ZN8BX_CPU_C9XOR_EdIdREP15bxInstruction_c
00000000000f3c60 T _ZN8BX_CPU_C9XOR_EwGwMEP15bxInstruction_c
00000000000f3ed0 T _ZN8BX_CPU_C9XOR_EwIwMEP15bxInstruction_c
00000000000f3fe0 T _ZN8BX_CPU_C9XOR_EwIwREP15bxInstruction_c
0000000000101ac0 T _ZN8BX_CPU_C9XOR_GbEbMEP15bxInstruction_c
0000000000101a30 T _ZN8BX_CPU_C9XOR_GbEbREP15bxInstruction_c
0000000000102b80 T _ZN8BX_CPU_C9XOR_GdEdMEP15bxInstruction_c
0000000000102b50 T _ZN8BX_CPU_C9XOR_GdEdREP15bxInstruction_c
00000000000f3db0 T _ZN8BX_CPU_C9XOR_GwEwMEP15bxInstruction_c
00000000000f3d70 T _ZN8BX_CPU_C9XOR_GwEwREP15bxInstruction_c
000000000010ea10 T _ZN8BX_CPU_C9call_gateEP15bx_descriptor_t
0000000000109c90 T _ZN8BX_CPU_C9check_CR0Ej
00000000001079e0 T _ZN8BX_CPU_C9exceptionEjt
0000000000108fc0 T _ZN8BX_CPU_C9interruptEhjbt
00000000000f6150 T _ZN8BX_CPU_C9jmp_far16EP15bxInstruction_ctt
00000000000f4c80 T _ZN8BX_CPU_C9jmp_far32EP15bxInstruction_ctj
0000000000105910 T _ZN8BX_CPU_C9load_segdEP15bxInstruction_cj
0000000000105730 T _ZN8BX_CPU_C9load_segwEP15bxInstruction_cj
00000000000edec0 T _ZN8BX_CPU_C9repeat_ZFEP15bxInstruction_cPFvS1_E
000000000010acb0 T _ZN8BX_CPU_C9setEFlagsEj
000000000010e450 T _ZN8BX_CPU_C9task_gateEP15bxInstruction_cP13bx_selector_tP15bx_descriptor_tj
00000000000e69f0 T _ZN8BX_CPU_CC1Ej
00000000000e69f0 T _ZN8BX_CPU_CC2Ej
00000000000e6800 T _ZN8BX_CPU_CD0Ev
00000000000e67c0 T _ZN8BX_CPU_CD1Ev
00000000000e67c0 T _ZN8BX_CPU_CD2Ev
000000000011f510 T _ZN8BX_MEM_C10flash_readEj
000000000011dad0 T _ZN8BX_MEM_C10read_blockEj
000000000011f8d0 T _ZN8BX_MEM_C11flash_writeEjh
000000000011e250 T _ZN8BX_MEM_C11init_memoryEmm
00000000001721e0 R _ZN8BX_MEM_C11swapped_outE
000000000011f430 T _ZN8BX_MEM_C12enable_smramEbb
000000000011f5f0 T _ZN8BX_MEM_C13dbg_fetch_memEP8BX_CPU_CjjPh
000000000011f450 T _ZN8BX_MEM_C13disable_smramEv
000000000011dc10 T _ZN8BX_MEM_C14allocate_blockEj
000000000011e4b0 T _ZN8BX_MEM_C14cleanup_memoryEv
000000000011ee80 T _ZN8BX_MEM_C14getHostMemAddrEP8BX_CPU_Cjj
000000000011de20 T _ZN8BX_MEM_C14register_stateEv
000000000011f4d0 T _ZN8BX_MEM_C14set_bios_writeEb
000000000011f4a0 T _ZN8BX_MEM_C15set_memory_typeE13memory_area_tbb
000000000011d190 T _ZN8BX_MEM_C16readPhysicalPageEP8BX_CPU_CjjPv
000000000011c900 T _ZN8BX_MEM_C17writePhysicalPageEP8BX_CPU_CjjPv
000000000011d6c0 T _ZN8BX_MEM_C19dmaReadPhysicalPageEjjPh
000000000011f470 T _ZN8BX_MEM_C19is_smram_accessibleEv
000000000011f4e0 T _ZN8BX_MEM_C19set_bios_rom_accessEhb
000000000011da60 T _ZN8BX_MEM_C20alloc_vector_alignedEmm
000000000011d770 T _ZN8BX_MEM_C20dmaWritePhysicalPageEjjPh
000000000011f140 T _ZN8BX_MEM_C22registerMemoryHandlersEPvPFbjjS0_S0_ES2_PFPhjjS0_Ejj
000000000011f2e0 T _ZN8BX_MEM_C24unregisterMemoryHandlersEPvjj
000000000011ec80 T _ZN8BX_MEM_C8load_RAMEPKcj
000000000011e5e0 T _ZN8BX_MEM_C8load_ROMEPKcjh
000000000011d9e0 T _ZN8BX_MEM_CC1Ev
000000000011d9e0 T _ZN8BX_MEM_CC2Ev
000000000011e5c0 T _ZN8BX_MEM_CD0Ev
000000000011e570 T _ZN8BX_MEM_CD1Ev
000000000011e570 T _ZN8BX_MEM_CD2Ev
00000000000d8860 T _ZN8bx_ddc_c13get_edid_byteEv
00000000000d8830 T _ZN8bx_ddc_c4readEv
00000000000d88b0 T _ZN8bx_ddc_c5writeEbb
00000000000d8560 T _ZN8bx_ddc_cC1Ev
00000000000d8560 T _ZN8bx_ddc_cC2Ev
00000000000d8540 T _ZN8bx_ddc_cD0Ev
00000000000d8520 T _ZN8bx_ddc_cD1Ev
00000000000d8520 T _ZN8bx_ddc_cD2Ev
00000000000c3d90 T _ZN8bx_dma_c10raise_HLDAEv
00000000000c4550 T _ZN8bx_dma_c11control_HRQEh
00000000000c33d0 T _ZN8bx_dma_c12read_handlerEPvjj
00000000000c4600 T _ZN8bx_dma_c13write_handlerEPvjjj
00000000000c36b0 T _ZN8bx_dma_c14register_stateEv
00000000000c44f0 T _ZN8bx_dma_c16reset_controllerEj
00000000000c2ff0 T _ZN8bx_dma_c19registerDMA8ChannelEjPFtPhtES2_PKc
00000000000c30b0 T _ZN8bx_dma_c20registerDMA16ChannelEjPFtPttES2_PKc
00000000000c3180 T _ZN8bx_dma_c20unregisterDMAChannelEj
00000000000c31e0 T _ZN8bx_dma_c4initEv
00000000000c4530 T _ZN8bx_dma_c5resetEj
00000000000c2fd0 T _ZN8bx_dma_c6get_TCEv
00000000000c4cf0 T _ZN8bx_dma_c7set_DRQEjb
00000000000c43b0 T _ZN8bx_dma_cC1Ev
00000000000c43b0 T _ZN8bx_dma_cC2Ev
00000000000c3d70 T _ZN8bx_dma_cD0Ev
00000000000c3cf0 T _ZN8bx_dma_cD1Ev
00000000000c3cf0 T _ZN8bx_dma_cD2Ev
0000000000123cf0 W _ZN8bx_gui_c10sighandlerEi
0000000000123cc0 W _ZN8bx_gui_c11set_tooltipEjPKc
0000000000121650 T _ZN8bx_gui_c12copy_handlerEv
0000000000120800 T _ZN8bx_gui_c13paste_handlerEv
0000000000120ae0 T _ZN8bx_gui_c13power_handlerEv
0000000000120570 T _ZN8bx_gui_c13reset_handlerEv
0000000000120d00 T _ZN8bx_gui_c14cdrom1_handlerEv
0000000000120930 T _ZN8bx_gui_c14config_handlerEv
0000000000120e90 T _ZN8bx_gui_c15floppyA_handlerEv
0000000000120fa0 T _ZN8bx_gui_c15floppyB_handlerEv
0000000000122000 T _ZN8bx_gui_c15get_toggle_infoEv
0000000000122c70 T _ZN8bx_gui_c15headerbar_clickEi
0000000000122c40 T _ZN8bx_gui_c15marklog_handlerEv
0000000000123210 T _ZN8bx_gui_c16draw_char_commonEhhhtthhhhbhhb
0000000000120390 T _ZN8bx_gui_c16get_capabilitiesEPtS0_S0_
0000000000123c00 T _ZN8bx_gui_c16set_command_modeEb
0000000000123cd0 W _ZN8bx_gui_c16set_display_modeE11disp_mode_t
0000000000122d60 T _ZN8bx_gui_c16set_text_charmapEPh
00000000001218c0 T _ZN8bx_gui_c16snapshot_handlerEv
0000000000122010 T _ZN8bx_gui_c17get_modifier_keysEv
00000000001204b0 T _ZN8bx_gui_c17graphics_tile_getEjjPjS0_
00000000001231a0 T _ZN8bx_gui_c17led_timer_handlerEPv
0000000000122030 T _ZN8bx_gui_c17set_modifier_keysEhb
0000000000121750 T _ZN8bx_gui_c17set_snapshot_modeEb
0000000000122e30 T _ZN8bx_gui_c17set_text_charbyteEth
0000000000123000 T _ZN8bx_gui_c17statusbar_setitemEibb
00000000001203b0 T _ZN8bx_gui_c18graphics_tile_infoEP18bx_svga_tileinfo_t
00000000001214c0 T _ZN8bx_gui_c18make_text_snapshotEPPcPj
0000000000121f60 T _ZN8bx_gui_c18mouse_toggle_checkEjb
0000000000123390 T _ZN8bx_gui_c18text_update_commonEPhS0_tP15bx_vga_tminfo_t
0000000000120980 T _ZN8bx_gui_c18userbutton_handlerEv
0000000000123ce0 W _ZN8bx_gui_c19get_sighandler_maskEv
0000000000122090 T _ZN8bx_gui_c19parse_user_shortcutEPKc
0000000000122e70 T _ZN8bx_gui_c19register_statusitemEPKcb
0000000000120dd0 T _ZN8bx_gui_c19toggle_mouse_enableEv
0000000000122d50 T _ZN8bx_gui_c20init_signal_handlersEv
0000000000120b60 T _ZN8bx_gui_c20save_restore_handlerEv
0000000000123d00 W _ZN8bx_gui_c20set_mouse_mode_absxyEb
0000000000122cd0 T _ZN8bx_gui_c21mouse_enabled_changedEb
00000000001231b0 T _ZN8bx_gui_c21palette_change_commonEhhhh
0000000000122f60 T _ZN8bx_gui_c21unregister_statusitemEi
00000000001231f0 T _ZN8bx_gui_c22get_mouse_headerbar_idEv
0000000000123b90 T _ZN8bx_gui_c25graphics_tile_info_commonEP18bx_svga_tileinfo_t
0000000000123cb0 W _ZN8bx_gui_c26statusbar_setitem_specificEibb
0000000000123a70 T _ZN8bx_gui_c27graphics_tile_update_commonEPhjj
00000000001212d0 T _ZN8bx_gui_c27update_drive_status_buttonsEv
00000000001205b0 T _ZN8bx_gui_c29graphics_tile_update_in_placeEjjjj
00000000001222a0 T _ZN8bx_gui_c4initEiPPcjjjj
00000000001208e0 T _ZN8bx_gui_c7beep_onEf
00000000001212c0 T _ZN8bx_gui_c7cleanupEv
0000000000120910 T _ZN8bx_gui_c8beep_offEv
0000000000123c90 W _ZN8bx_gui_c8set_fontEb
0000000000120530 T _ZN8bx_gui_c8show_ipsEj
0000000000123ca0 W _ZN8bx_gui_c9draw_charEhhhtthhhhbhhb
0000000000123120 T _ZN8bx_gui_c9led_timerEv
0000000000121150 T _ZN8bx_gui_cC1Ev
0000000000121150 T _ZN8bx_gui_cC2Ev
00000000001212a0 T _ZN8bx_gui_cD0Ev
0000000000121270 T _ZN8bx_gui_cD1Ev
0000000000121270 T _ZN8bx_gui_cD2Ev
00000000000a3400 T _ZN8bx_pic_c11pic_serviceEP8bx_pic_t
00000000000a35b0 T _ZN8bx_pic_c12read_handlerEPvjj
00000000000a37b0 T _ZN8bx_pic_c13write_handlerEPvjjj
00000000000a2890 T _ZN8bx_pic_c14register_stateEv
00000000000a33b0 T _ZN8bx_pic_c23clear_highest_interruptEP8bx_pic_t
00000000000a3e00 T _ZN8bx_pic_c3IACEv
00000000000a2720 T _ZN8bx_pic_c4initEv
00000000000a2640 T _ZN8bx_pic_c5resetEj
00000000000a2650 T _ZN8bx_pic_c8set_modeEbh
00000000000a2680 T _ZN8bx_pic_c9lower_irqEj
00000000000a3d50 T _ZN8bx_pic_c9raise_irqEj
00000000000a3290 T _ZN8bx_pic_cC1Ev
00000000000a3290 T _ZN8bx_pic_cC2Ev
00000000000a3270 T _ZN8bx_pic_cD0Ev
00000000000a31f0 T _ZN8bx_pic_cD1Ev
00000000000a31f0 T _ZN8bx_pic_cD2Ev
00000000000a53c0 W _ZN8bx_pit_c10enable_irqEb
00000000000a4360 T _ZN8bx_pit_c11irq_handlerEb
00000000000a4a70 T _ZN8bx_pit_c12handle_timerEv
00000000000a4c60 T _ZN8bx_pit_c12read_handlerEPvjj
00000000000a4c50 T _ZN8bx_pit_c13timer_handlerEPv
00000000000a4ee0 T _ZN8bx_pit_c13write_handlerEPvjjj
00000000000a3fa0 T _ZN8bx_pit_c14register_stateEv
00000000000a4eb0 T _ZN8bx_pit_c15new_timer_countEi
00000000000a3f30 T _ZN8bx_pit_c15speaker_handlerEb
00000000000a4df0 T _ZN8bx_pit_c19after_restore_stateEv
00000000000a4410 T _ZN8bx_pit_c4initEv
00000000000a3f10 T _ZN8bx_pit_c5resetEj
00000000000a4980 T _ZN8bx_pit_c8periodicEj
00000000000a4dd0 T _ZN8bx_pit_c9get_timerEi
00000000000a4840 T _ZN8bx_pit_cC1Ev
00000000000a4840 T _ZN8bx_pit_cC2Ev
00000000000a4340 T _ZN8bx_pit_cD0Ev
00000000000a42b0 T _ZN8bx_pit_cD1Ev
00000000000a42b0 T _ZN8bx_pit_cD2Ev
00000000000d29c0 T _ZN8bx_vga_c11redraw_areaEjjjj
00000000000d0cd0 T _ZN8bx_vga_c12vbe_mem_readEj
00000000000d0d30 T _ZN8bx_vga_c13vbe_mem_writeEjh
00000000000d0c90 T _ZN8bx_vga_c13write_handlerEPvjjj
00000000000d0530 T _ZN8bx_vga_c14register_stateEv
00000000000cf2c0 T _ZN8bx_vga_c16mem_read_handlerEjjPvS0_
00000000000cf3c0 T _ZN8bx_vga_c16vbe_read_handlerEPvjj
00000000000cf330 T _ZN8bx_vga_c17mem_write_handlerEjjPvS0_
00000000000cf5a0 T _ZN8bx_vga_c17pci_write_handlerEhjj
00000000000cf6b0 T _ZN8bx_vga_c17vbe_write_handlerEPvjjj
00000000000d0160 T _ZN8bx_vga_c18init_vga_extensionEv
00000000000d1040 T _ZN8bx_vga_c19after_restore_stateEv
00000000000d0cb0 T _ZN8bx_vga_c20write_handler_no_logEPvjjj
00000000000cf3a0 T _ZN8bx_vga_c21pci_bar_change_notifyEv
00000000000cf2a0 T _ZN8bx_vga_c5resetEj
00000000000d0b60 T _ZN8bx_vga_c5writeEjjjb
00000000000d10d0 T _ZN8bx_vga_c6updateEv
00000000000d28c0 T _ZN8bx_vga_c8mem_readEj
00000000000d2960 T _ZN8bx_vga_c9mem_writeEjh
00000000000d0e60 T _ZN8bx_vga_cC1Ev
00000000000d0e60 T _ZN8bx_vga_cC2Ev
00000000000d0f40 T _ZN8bx_vga_cD0Ev
00000000000d0ec0 T _ZN8bx_vga_cD1Ev
00000000000d0ec0 T _ZN8bx_vga_cD2Ev
00000000000b54f0 T _ZN9bx_cmos_c10CRA_changeEv
00000000000b6810 W _ZN9bx_cmos_c10enable_irqEb
00000000000b4f20 T _ZN9bx_cmos_c10save_imageEv
00000000000b6800 W _ZN9bx_cmos_c11get_timevalEv
00000000000b5220 T _ZN9bx_cmos_c12read_handlerEPvjj
00000000000b5700 T _ZN9bx_cmos_c12update_clockEv
00000000000b4ee0 T _ZN9bx_cmos_c13checksum_cmosEv
00000000000b6380 T _ZN9bx_cmos_c13write_handlerEPvjjj
00000000000b5610 T _ZN9bx_cmos_c14periodic_timerEv
00000000000b4ff0 T _ZN9bx_cmos_c14register_stateEv
00000000000b5a00 T _ZN9bx_cmos_c14update_timevalEv
00000000000b56a0 T _ZN9bx_cmos_c16one_second_timerEv
00000000000b59f0 T _ZN9bx_cmos_c17uip_timer_handlerEPv
00000000000b6340 T _ZN9bx_cmos_c19after_restore_stateEv
00000000000b5690 T _ZN9bx_cmos_c22periodic_timer_handlerEPv
00000000000b56f0 T _ZN9bx_cmos_c24one_second_timer_handlerEPv
00000000000b5b60 T _ZN9bx_cmos_c4initEv
00000000000b55c0 T _ZN9bx_cmos_c5resetEj
00000000000b67e0 W _ZN9bx_cmos_c7get_regEh
00000000000b67f0 W _ZN9bx_cmos_c7set_regEhj
00000000000b58a0 T _ZN9bx_cmos_c9uip_timerEv
00000000000b5390 T _ZN9bx_cmos_cC1Ev
00000000000b5390 T _ZN9bx_cmos_cC2Ev
00000000000b5200 T _ZN9bx_cmos_cD0Ev
00000000000b5130 T _ZN9bx_cmos_cD1Ev
00000000000b5130 T _ZN9bx_cmos_cD2Ev
00000000000cc3c0 T _ZN9bx_hpet_c10hpet_timerEv
00000000000cc000 T _ZN9bx_hpet_c10update_irqEP9HPETTimerb
00000000000cc840 T _ZN9bx_hpet_c12read_alignedEj
00000000000cc760 T _ZN9bx_hpet_c13timer_handlerEPv
00000000000ccaf0 T _ZN9bx_hpet_c13write_alignedEjj
00000000000cc770 T _ZN9bx_hpet_c14hpet_del_timerEP9HPETTimer
00000000000cbfa0 T _ZN9bx_hpet_c14hpet_get_ticksEv
00000000000cc2c0 T _ZN9bx_hpet_c14hpet_set_timerEP9HPETTimer
00000000000cbab0 T _ZN9bx_hpet_c14register_stateEv
00000000000cbfe0 T _ZN9bx_hpet_c19hpet_calculate_diffEP9HPETTimerm
00000000000cb9c0 T _ZN9bx_hpet_c4initEv
00000000000cc7c0 T _ZN9bx_hpet_c5resetEj
00000000000cbe70 T _ZN9bx_hpet_cC1Ev
00000000000cbe70 T _ZN9bx_hpet_cC2Ev
00000000000cbe50 T _ZN9bx_hpet_cD0Ev
00000000000cbdd0 T _ZN9bx_hpet_cD1Ev
00000000000cbdd0 T _ZN9bx_hpet_cD2Ev
00000000000b2a10 T _ZN9bx_keyb_c11kbd_enQ_immEh
00000000000b2ea0 T _ZN9bx_keyb_c12gen_scancodeEj
00000000000b28e0 T _ZN9bx_keyb_c12get_elementsEv
00000000000b4680 T _ZN9bx_keyb_c12mouse_motionEiiijb
00000000000b2a70 T _ZN9bx_keyb_c12read_handlerEPvjj
00000000000b4530 T _ZN9bx_keyb_c13timer_handlerEPv
00000000000b3c60 T _ZN9bx_keyb_c13write_handlerEPvjjj
00000000000b2a50 T _ZN9bx_keyb_c14activate_timerEv
00000000000b2940 T _ZN9bx_keyb_c14controller_enQEhj
00000000000b2910 T _ZN9bx_keyb_c14get_kbd_enableEv
00000000000b1590 T _ZN9bx_keyb_c14register_stateEv
00000000000b24f0 T _ZN9bx_keyb_c14resetinternalsEb
00000000000b3080 T _ZN9bx_keyb_c15kbd_ctrl_to_kbdEh
00000000000b35a0 T _ZN9bx_keyb_c16mouse_enQ_packetEhhhh
00000000000b4810 T _ZN9bx_keyb_c16mouse_enq_staticEPviiijb
00000000000b3630 T _ZN9bx_keyb_c17kbd_ctrl_to_mouseEh
00000000000b1510 T _ZN9bx_keyb_c19after_restore_stateEv
00000000000b42b0 T _ZN9bx_keyb_c19create_mouse_packetEb
00000000000b3060 T _ZN9bx_keyb_c19gen_scancode_staticEPvj
00000000000b2900 T _ZN9bx_keyb_c19get_elements_staticEPv
00000000000b2d80 T _ZN9bx_keyb_c20set_aux_clock_enableEh
00000000000b2d40 T _ZN9bx_keyb_c20set_kbd_clock_enableEh
00000000000b4600 T _ZN9bx_keyb_c21mouse_enabled_changedEb
00000000000b4670 T _ZN9bx_keyb_c28mouse_enabled_changed_staticEPvb
00000000000b2540 T _ZN9bx_keyb_c4initEv
00000000000b1500 T _ZN9bx_keyb_c5resetEj
00000000000b2de0 T _ZN9bx_keyb_c7kbd_enQEh
00000000000b43c0 T _ZN9bx_keyb_c8periodicEj
00000000000b34f0 T _ZN9bx_keyb_c9mouse_enQEh
00000000000b23b0 T _ZN9bx_keyb_cC1Ev
00000000000b23b0 T _ZN9bx_keyb_cC2Ev
00000000000b2390 T _ZN9bx_keyb_cD0Ev
00000000000b2310 T _ZN9bx_keyb_cD1Ev
00000000000b2310 T _ZN9bx_keyb_cD2Ev
000000000012a560 T _ZN9bx_list_c10set_parentEP10bx_param_c
00000000001294a0 T _ZN9bx_list_c11get_by_nameEPKc
00000000001281c0 T _ZN9bx_list_c17set_runtime_paramEb
000000000012a640 T _ZN9bx_list_c19set_restore_handlerEPvPFvS0_PS_E
0000000000129500 T _ZN9bx_list_c3addEP10bx_param_c
0000000000128c60 T _ZN9bx_list_c3getEi
0000000000128bf0 T _ZN9bx_list_c4initEPKc
00000000001278b0 T _ZN9bx_list_c5clearEv
000000000012a5c0 T _ZN9bx_list_c5cloneEv
0000000000127880 T _ZN9bx_list_c5resetEv
0000000000127ec0 T _ZN9bx_list_c6removeEPKc
000000000012a660 T _ZN9bx_list_c7restoreEv
000000000012a200 T _ZN9bx_list_cC1EP10bx_param_c
000000000012a2c0 T _ZN9bx_list_cC1EP10bx_param_cPKc
000000000012a390 T _ZN9bx_list_cC1EP10bx_param_cPKcS3_
000000000012a460 T _ZN9bx_list_cC1EP10bx_param_cPKcS3_PS1_
000000000012a200 T _ZN9bx_list_cC2EP10bx_param_c
000000000012a2c0 T _ZN9bx_list_cC2EP10bx_param_cPKc
000000000012a390 T _ZN9bx_list_cC2EP10bx_param_cPKcS3_
000000000012a460 T _ZN9bx_list_cC2EP10bx_param_cPKcS3_PS1_
0000000000128490 T _ZN9bx_list_cD0Ev
0000000000128450 T _ZN9bx_list_cD1Ev
0000000000128450 T _ZN9bx_list_cD2Ev
00000000000cd2e0 T _ZN9pit_82C5410print_cnumEh
00000000000cf220 T _ZN9pit_82C5411get_inlatchEi
00000000000cd320 T _ZN9pit_82C5413latch_counterERNS_12counter_typeE
00000000000cd2d0 T _ZN9pit_82C5413print_counterERNS_12counter_typeE
00000000000ce520 T _ZN9pit_82C5414clock_multipleEhj
00000000000cd680 T _ZN9pit_82C5414register_stateEP10bx_param_c
00000000000cf240 T _ZN9pit_82C5415new_count_readyEi
00000000000cf280 T _ZN9pit_82C5415set_OUT_handlerEhPFvbE
00000000000cdc70 T _ZN9pit_82C5418decrement_multipleERNS_12counter_typeEj
00000000000cf1b0 T _ZN9pit_82C5419get_next_event_timeEv
00000000000cd4d0 T _ZN9pit_82C5419set_binary_to_countERNS_12counter_typeE
00000000000cd430 T _ZN9pit_82C5419set_count_to_binaryERNS_12counter_typeE
00000000000cf170 T _ZN9pit_82C5420get_clock_event_timeEh
00000000000cd560 T _ZN9pit_82C544initEv
00000000000ce7a0 T _ZN9pit_82C544readEh
00000000000cdce0 T _ZN9pit_82C545clockEh
00000000000cd670 T _ZN9pit_82C545resetEj
00000000000ce9a0 T _ZN9pit_82C545writeEhh
00000000000cd400 T _ZN9pit_82C547set_OUTERNS_12counter_typeEb
00000000000cf260 T _ZN9pit_82C548get_modeEi
00000000000cf0f0 T _ZN9pit_82C548read_OUTEh
00000000000cee40 T _ZN9pit_82C548set_GATEEhb
00000000000ce750 T _ZN9pit_82C549clock_allEj
00000000000cd520 T _ZN9pit_82C549decrementERNS_12counter_typeE
00000000000cf130 T _ZN9pit_82C549read_GATEEh
00000000000cd510 T _ZN9pit_82C549set_countERNS_12counter_typeEj
00000000000cd630 T _ZN9pit_82C54C1Ev
00000000000cd630 T _ZN9pit_82C54C2Ev
00000000000a53f0 W _ZN9pit_82C54D0Ev
00000000000a53d0 W _ZN9pit_82C54D1Ev
00000000000a53d0 W _ZN9pit_82C54D2Ev
00000000000dcb70 T _ZN9redolog_t10save_stateEPKc
00000000000db810 T _ZN9redolog_t11make_headerEPKcm
00000000000dc5a0 T _ZN9redolog_t12check_formatEiPKc
00000000000db700 T _ZN9redolog_t12print_headerEv
00000000000dbc10 T _ZN9redolog_t13get_timestampEv
00000000000dbc30 T _ZN9redolog_t13set_timestampEj
00000000000dc9c0 T _ZN9redolog_t4openEPKcS1_
00000000000dc690 T _ZN9redolog_t4openEPKcS1_i
00000000000dbdd0 T _ZN9redolog_t4readEPvm
00000000000dbb00 T _ZN9redolog_t5closeEv
00000000000dbc60 T _ZN9redolog_t5lseekEli
00000000000dc110 T _ZN9redolog_t5writeEPKvm
00000000000dba30 T _ZN9redolog_t6createEPKcS1_m
00000000000db9d0 T _ZN9redolog_t6createEiPKcm
00000000000dbc00 T _ZN9redolog_t8get_sizeEv
00000000000db6c0 T _ZN9redolog_tC1Ev
00000000000db6c0 T _ZN9redolog_tC2Ev
000000000008a890 T _ZNK11iofunctions8getlevelEi
000000000008a8f0 T _ZNK11iofunctions8isactionEPKc
000000000008a8b0 T _ZNK11iofunctions9getactionEi
00000000000deb70 T _ZNK12vbox_image_t7is_openEv
00000000001275a0 W _ZNK13bx_real_sim_c13has_debug_guiEv
0000000000127550 W _ZNK13bx_real_sim_c14has_log_viewerEv
00000000001275b0 W _ZNK13bx_real_sim_c14is_wx_selectedEv
00000000000e0cf0 T _ZNK15vmware4_image_t7is_openEv
00000000001289a0 T _ZNK17bx_param_string_c6equalsEPKc
00000000001289c0 T _ZNK17bx_param_string_c7isemptyEv
0000000000128ae0 T _ZNK21bx_param_bytestring_c6equalsEPKc
0000000000128b00 T _ZNK21bx_param_bytestring_c7isemptyEv
000000000008c1a0 W _ZNK24bx_simulator_interface_c14has_log_viewerEv
000000000008c1c0 W _ZNK24bx_simulator_interface_c14is_wx_selectedEv
00000000001aa8c0 V _ZTI10bx_param_c
00000000001a7640 V _ZTI10bx_piix3_c
00000000001aa3b8 V _ZTI11bx_keymap_c
00000000001aa8b0 V _ZTI11bx_object_c
00000000001a70f8 V _ZTI11bx_serial_c
00000000001a8190 V _ZTI11vpc_image_t
00000000001a7258 V _ZTI12bx_biosdev_c
00000000001a6ab8 V _ZTI12bx_devices_c
00000000001a76b8 V _ZTI12bx_pci_ide_c
00000000001a74f0 V _ZTI12bx_speaker_c
00000000001a78d0 V _ZTI12bx_vgacore_c
00000000001a7e28 V _ZTI12cdrom_base_c
00000000001a7e98 V _ZTI12cdrom_misc_c
00000000001a79d8 V _ZTI12flat_image_t
00000000001a6920 V _ZTI12logfunctions
00000000001a7f08 V _ZTI12vbox_image_t
00000000001a6998 V _ZTI13bx_devmodel_c
00000000001a6a10 V _ZTI13bx_dma_stub_c
00000000001a7150 V _ZTI13bx_parallel_c
00000000001a6a28 V _ZTI13bx_pic_stub_c
00000000001a69f8 V _ZTI13bx_pit_stub_c
00000000001aa548 V _ZTI13bx_real_sim_c
00000000001a7440 V _ZTI13bx_unmapped_c
00000000001a6a40 V _ZTI13bx_vga_stub_c
00000000001a8268 V _ZTI13vvfat_image_t
00000000001a7740 V _ZTI14bx_acpi_ctrl_c
00000000001a69e0 V _ZTI14bx_cmos_stub_c
00000000001a7498 V _ZTI14bx_extfpuirq_c
00000000001aadc0 V _ZTI14bx_nogui_gui_c
00000000001aa8d8 V _ZTI14bx_param_num_c
00000000001a6950 V _ZTI14bx_pc_system_c
00000000001a79f0 V _ZTI14concat_image_t
00000000001a79c8 V _ZTI14device_image_t
00000000001a7a08 V _ZTI14sparse_image_t
00000000001a7338 V _ZTI15bx_hard_drive_c
00000000001aa908 V _ZTI15bx_param_bool_c
00000000001aa938 V _ZTI15bx_param_enum_c
00000000001a7560 V _ZTI15bx_pci_bridge_c
00000000001a69b0 V _ZTI15bx_pci_device_c
00000000001aa8f0 V _ZTI15bx_shadow_num_c
00000000001a6f78 V _ZTI15bx_virt_timer_c
00000000001a7a20 V _ZTI15growing_image_t
00000000001a7fe0 V _ZTI15vmware3_image_t
00000000001a80b8 V _ZTI15vmware4_image_t
00000000001a71a8 V _ZTI16bx_floppy_ctrl_c
00000000001a7a68 V _ZTI16bx_hdimage_ctl_c
00000000001a7578 V _ZTI16bx_pci_vbridge_c
00000000001aa920 V _ZTI16bx_shadow_bool_c
00000000001aa980 V _ZTI16bx_shadow_data_c
00000000001a81a8 V _ZTI16bx_vpc_locator_c
00000000001a7a38 V _ZTI16undoable_image_t
00000000001a7a50 V _ZTI16volatile_image_t
00000000001aa950 V _ZTI17bx_param_string_c
00000000001a6a70 V _ZTI17bx_pci2isa_stub_c
00000000001a6a88 V _ZTI17bx_pci_ide_stub_c
00000000001a6a58 V _ZTI17bx_speaker_stub_c
00000000001a7f20 V _ZTI17bx_vbox_locator_c
00000000001a7a80 V _ZTI17hdimage_locator_c
00000000001a8280 V _ZTI18bx_vvfat_locator_c
00000000001a6aa0 V _ZTI19bx_acpi_ctrl_stub_c
00000000001aa520 V _ZTI19bx_param_filename_c
00000000001a6fb0 V _ZTI19bx_slowdown_timer_c
00000000001a69c8 V _ZTI20bx_hard_drive_stub_c
00000000001aa998 V _ZTI20bx_shadow_filedata_c
00000000001a7ff8 V _ZTI20bx_vmware3_locator_c
00000000001a80d0 V _ZTI20bx_vmware4_locator_c
00000000001aa968 V _ZTI21bx_param_bytestring_c
00000000001aa538 V _ZTI24bx_simulator_interface_c
00000000001a8340 V _ZTI8BX_CPU_C
00000000001aa380 V _ZTI8BX_MEM_C
00000000001a7990 V _ZTI8bx_ddc_c
00000000001a73b8 V _ZTI8bx_dma_c
00000000001aa3f0 V _ZTI8bx_gui_c
00000000001a6fe8 V _ZTI8bx_pic_c
00000000001a7078 V _ZTI8bx_pit_c
00000000001a7810 V _ZTI8bx_vga_c
00000000001a72b0 V _ZTI9bx_cmos_c
00000000001a77b8 V _ZTI9bx_hpet_c
00000000001a7200 V _ZTI9bx_keyb_c
00000000001aa9b0 V _ZTI9bx_list_c
00000000001a7060 V _ZTI9pit_82C54
0000000000172880 V _ZTS10bx_param_c
000000000016e718 V _ZTS10bx_piix3_c
00000000001721e8 V _ZTS11bx_keymap_c
0000000000172870 V _ZTS11bx_object_c
000000000016d0b0 V _ZTS11bx_serial_c
000000000016f0a8 V _ZTS11vpc_image_t
000000000016d9d0 V _ZTS12bx_biosdev_c
000000000016cea8 V _ZTS12bx_devices_c
000000000016e728 V _ZTS12bx_pci_ide_c
000000000016e3a8 V _ZTS12bx_speaker_c
000000000016ee70 V _ZTS12bx_vgacore_c
000000000016efb8 V _ZTS12cdrom_base_c
000000000016efc8 V _ZTS12cdrom_misc_c
000000000016eec8 V _ZTS12flat_image_t
000000000016ccd8 V _ZTS12logfunctions
000000000016efd8 V _ZTS12vbox_image_t
000000000016cd80 V _ZTS13bx_devmodel_c
000000000016ce00 V _ZTS13bx_dma_stub_c
000000000016d0c0 V _ZTS13bx_parallel_c
000000000016ce10 V _ZTS13bx_pic_stub_c
000000000016cdf0 V _ZTS13bx_pit_stub_c
0000000000172860 V _ZTS13bx_real_sim_c
000000000016e380 V _ZTS13bx_unmapped_c
000000000016ce20 V _ZTS13bx_vga_stub_c
000000000016f0e0 V _ZTS13vvfat_image_t
000000000016e800 V _ZTS14bx_acpi_ctrl_c
000000000016cdd0 V _ZTS14bx_cmos_stub_c
000000000016e390 V _ZTS14bx_extfpuirq_c
00000000001729c0 V _ZTS14bx_nogui_gui_c
0000000000172890 V _ZTS14bx_param_num_c
000000000016cd10 V _ZTS14bx_pc_system_c
000000000016eee0 V _ZTS14concat_image_t
000000000016eeb0 V _ZTS14device_image_t
000000000016ef00 V _ZTS14sparse_image_t
000000000016e260 V _ZTS15bx_hard_drive_c
00000000001728d0 V _ZTS15bx_param_bool_c
0000000000172910 V _ZTS15bx_param_enum_c
000000000016e6e0 V _ZTS15bx_pci_bridge_c
000000000016cd90 V _ZTS15bx_pci_device_c
00000000001728b0 V _ZTS15bx_shadow_num_c
000000000016cec0 V _ZTS15bx_virt_timer_c
000000000016ef20 V _ZTS15growing_image_t
000000000016f020 V _ZTS15vmware3_image_t
000000000016f060 V _ZTS15vmware4_image_t
000000000016d540 V _ZTS16bx_floppy_ctrl_c
000000000016ef80 V _ZTS16bx_hdimage_ctl_c
000000000016e700 V _ZTS16bx_pci_vbridge_c
00000000001728f0 V _ZTS16bx_shadow_bool_c
0000000000172970 V _ZTS16bx_shadow_data_c
000000000016f0c0 V _ZTS16bx_vpc_locator_c
000000000016ef40 V _ZTS16undoable_image_t
000000000016ef60 V _ZTS16volatile_image_t
0000000000172930 V _ZTS17bx_param_string_c
000000000016ce50 V _ZTS17bx_pci2isa_stub_c
000000000016ce70 V _ZTS17bx_pci_ide_stub_c
000000000016ce30 V _ZTS17bx_speaker_stub_c
000000000016eff0 V _ZTS17bx_vbox_locator_c
000000000016efa0 V _ZTS17hdimage_locator_c
000000000016f0f0 V _ZTS18bx_vvfat_locator_c
000000000016ce90 V _ZTS19bx_acpi_ctrl_stub_c
0000000000172820 V _ZTS19bx_param_filename_c
000000000016cee0 V _ZTS19bx_slowdown_timer_c
000000000016cdb0 V _ZTS20bx_hard_drive_stub_c
0000000000172990 V _ZTS20bx_shadow_filedata_c
000000000016f040 V _ZTS20bx_vmware3_locator_c
000000000016f080 V _ZTS20bx_vmware4_locator_c
0000000000172950 V _ZTS21bx_param_bytestring_c
0000000000172840 V _ZTS24bx_simulator_interface_c
000000000016f108 V _ZTS8BX_CPU_C
00000000001721d0 V _ZTS8BX_MEM_C
000000000016eea0 V _ZTS8bx_ddc_c
000000000016e2d8 V _ZTS8bx_dma_c
00000000001721f8 V _ZTS8bx_gui_c
000000000016cef8 V _ZTS8bx_pic_c
000000000016d028 V _ZTS8bx_pit_c
000000000016eb50 V _ZTS8bx_vga_c
000000000016dad0 V _ZTS9bx_cmos_c
000000000016e950 V _ZTS9bx_hpet_c
000000000016d9c0 V _ZTS9bx_keyb_c
00000000001729a8 V _ZTS9bx_list_c
000000000016d018 V _ZTS9pit_82C54
00000000001aaa68 V _ZTV10bx_param_c
00000000001a7658 V _ZTV10bx_piix3_c
00000000001aa3d0 V _ZTV11bx_keymap_c
00000000001a7110 V _ZTV11bx_serial_c
00000000001a81f0 V _ZTV11vpc_image_t
00000000001a7270 V _ZTV12bx_biosdev_c
00000000001a6f00 V _ZTV12bx_devices_c
00000000001a76d0 V _ZTV12bx_pci_ide_c
00000000001a7508 V _ZTV12bx_speaker_c
00000000001a78e8 V _ZTV12bx_vgacore_c
00000000001a7e40 V _ZTV12cdrom_base_c
00000000001a7eb0 V _ZTV12cdrom_misc_c
00000000001a7b58 V _ZTV12flat_image_t
00000000001a6930 V _ZTV12logfunctions
00000000001a7f68 V _ZTV12vbox_image_t
00000000001a6ad0 V _ZTV13bx_devmodel_c
00000000001a6c20 V _ZTV13bx_dma_stub_c
00000000001a7168 V _ZTV13bx_parallel_c
00000000001a6c90 V _ZTV13bx_pic_stub_c
00000000001a6bd8 V _ZTV13bx_pit_stub_c
00000000001aa5b0 V _ZTV13bx_real_sim_c
00000000001a7458 V _ZTV13bx_unmapped_c
00000000001a6cf0 V _ZTV13bx_vga_stub_c
00000000001a82c8 V _ZTV13vvfat_image_t
00000000001a7758 V _ZTV14bx_acpi_ctrl_c
00000000001a6b78 V _ZTV14bx_cmos_stub_c
00000000001a74b0 V _ZTV14bx_extfpuirq_c
00000000001aadd8 V _ZTV14bx_nogui_gui_c
00000000001aaab8 V _ZTV14bx_param_num_c
00000000001a6978 V _ZTV14bx_pc_system_c
00000000001a7bd0 V _ZTV14concat_image_t
00000000001a7ae0 V _ZTV14device_image_t
00000000001a7c48 V _ZTV14sparse_image_t
00000000001a7350 V _ZTV15bx_hard_drive_c
00000000001aab88 V _ZTV15bx_param_bool_c
00000000001aac58 V _ZTV15bx_param_enum_c
00000000001a7590 V _ZTV15bx_pci_bridge_c
00000000001a6f20 V _ZTV15bx_pci_device_c
00000000001aab20 V _ZTV15bx_shadow_num_c
00000000001a6f90 V _ZTV15bx_virt_timer_c
00000000001a7cc0 V _ZTV15growing_image_t
00000000001a8040 V _ZTV15vmware3_image_t
00000000001a8118 V _ZTV15vmware4_image_t
00000000001a71c0 V _ZTV16bx_floppy_ctrl_c
00000000001a7a90 V _ZTV16bx_hdimage_ctl_c
00000000001a75e8 V _ZTV16bx_pci_vbridge_c
00000000001aabf0 V _ZTV16bx_shadow_bool_c
00000000001aa9c8 V _ZTV16bx_shadow_data_c
00000000001a81c0 V _ZTV16bx_vpc_locator_c
00000000001a7d38 V _ZTV16undoable_image_t
00000000001a7db0 V _ZTV16volatile_image_t
00000000001aacc0 V _ZTV17bx_param_string_c
00000000001a6dd0 V _ZTV17bx_pci2isa_stub_c
00000000001a6e30 V _ZTV17bx_pci_ide_stub_c
00000000001a6d78 V _ZTV17bx_speaker_stub_c
00000000001a7f38 V _ZTV17bx_vbox_locator_c
00000000001a7ab0 V _ZTV17hdimage_locator_c
00000000001a8298 V _ZTV18bx_vvfat_locator_c
00000000001a6ea0 V _ZTV19bx_acpi_ctrl_stub_c
00000000001aa560 V _ZTV19bx_param_filename_c
00000000001a6fc8 V _ZTV19bx_slowdown_timer_c
00000000001a6b10 V _ZTV20bx_hard_drive_stub_c
00000000001aaa18 V _ZTV20bx_shadow_filedata_c
00000000001a8010 V _ZTV20bx_vmware3_locator_c
00000000001a80e8 V _ZTV20bx_vmware4_locator_c
00000000001aad10 V _ZTV21bx_param_bytestring_c
00000000001a8358 V _ZTV8BX_CPU_C
00000000001aa398 V _ZTV8BX_MEM_C
00000000001a79a8 V _ZTV8bx_ddc_c
00000000001a73d0 V _ZTV8bx_dma_c
00000000001aa408 V _ZTV8bx_gui_c
00000000001a7000 V _ZTV8bx_pic_c
00000000001a70b0 V _ZTV8bx_pit_c
00000000001a7828 V _ZTV8bx_vga_c
00000000001a72c8 V _ZTV9bx_cmos_c
00000000001a77d0 V _ZTV9bx_hpet_c
00000000001a7218 V _ZTV9bx_keyb_c
00000000001aad60 V _ZTV9bx_list_c
00000000001a7090 V _ZTV9pit_82C54
00000000019cdd68 B atapilog
00000000001b7400 D bochs_bootdisk_names
00000000001b80e0 B bochsrc_filename
00000000019cbda8 B bochsrc_include_level
00000000001b0020 D builtin_mode_names
00000000000ee4f0 T bw_cpu3_combined_paging_ram_resume
00000000000ec080 T bw_cpu3_combined_paging_ram_set_irq_line
000000000008e880 T bw_direct_bootstrap
00000000000ef680 T bw_direct_close
00000000000eeee0 T bw_direct_initialize
00000000000ef1a0 T bw_direct_inspect
00000000000ef090 T bw_direct_resume
00000000000ef160 T bw_direct_set_irq_line
00000000019ce004 B bw_slice_active
00000000019ce001 B bw_slice_fault_pending
00000000019ce000 B bw_slice_irq_pending
00000000019ce003 B bw_slice_port_pending
00000000019ce002 B bw_slice_rep_incomplete
00000000001b6400 D bx_asize_mask
00000000001ae660 D bx_builtin_plugins
00000000019cde30 B bx_cdrom_count
00000000001b8200 B bx_cpu
00000000019cbc30 B bx_cpu_count
00000000019ca5a0 B bx_dbg
00000000019cc2a0 B bx_devices
000000000009b620 T bx_get_plugin_flags_np
000000000009b5b0 T bx_get_plugin_name_np
000000000009b550 T bx_get_plugins_count_np
000000000009a9d0 T bx_get_realtime64_usec
0000000001a60830 B bx_gui
00000000019cde00 B bx_hdimage_ctl
000000000009b0e0 T bx_init_plugins
00000000001b6700 D bx_key_symbol
0000000001a607e0 B bx_keymap
000000000009b6c0 T bx_load_plugin_np
00000000001b8100 B bx_mem
00000000019ca5c0 B bx_pc_system
000000000009b460 T bx_plugins_after_restore_state
000000000009b380 T bx_plugins_register_state
000000000009b230 T bx_reset_plugins
00000000019cdcc0 B bx_slowdown_timer
00000000019cbc40 B bx_startup_flags
000000000009a980 T bx_strrev
000000000009b780 T bx_unload_opt_plugin
000000000009b870 T bx_unload_plugins
00000000019cbc31 B bx_user_quit
00000000019cde40 B bx_vbox_match
00000000019cd1a0 B bx_virt_timer
00000000019cde60 B bx_vmware3_match
00000000019cde80 B bx_vmware4_match
00000000019cdea0 B bx_vpc_match
00000000019cdec0 B bx_vvfat_match
00000000001ae890 D channelindex
00000000019cbdd0 B config_interface_list
00000000019cbde8 B core_devices
00000000019cbde0 B current_plugin_context
00000000019cbdf0 B devices
00000000019cbdc8 B display_library_list
00000000001b6460 D exceptions_info
0000000001a60d70 B float128_default_nan
0000000001a60d80 B floatx80_default_nan
00000000001b74c0 D floppy_devtype_names
00000000001b73c0 D floppy_type_n_sectors
00000000001b7460 D floppy_type_names
00000000001b8080 B genlog
00000000019cdde8 B hdimage_mode_names
00000000001b8088 B io
00000000000cb150 T libacpi_plugin_entry
00000000000b4e10 T libbiosdev_plugin_entry
00000000000b5420 T libcmos_plugin_entry
00000000000c4420 T libdma_plugin_entry
00000000000c57b0 T libextfpuirq_plugin_entry
00000000000acfe0 T libfloppy_plugin_entry
00000000000c2c90 T libharddrv_plugin_entry
00000000000cbee0 T libhpet_plugin_entry
00000000000b2430 T libkeyboard_plugin_entry
000000000012aab0 T libnogui_gui_plugin_entry
00000000000ab3d0 T libparallel_plugin_entry
00000000000c86c0 T libpci2isa_plugin_entry
00000000000c9ca0 T libpci_ide_plugin_entry
00000000000c69d0 T libpci_plugin_entry
00000000000a32e0 T libpic_plugin_entry
00000000000a48b0 T libpit_plugin_entry
00000000000a7e00 T libserial_plugin_entry
00000000000c6060 T libspeaker_plugin_entry
000000000012ad70 T libtextconfig_plugin_entry
00000000000c5510 T libunmapped_plugin_entry
00000000000dea50 T libvbox_img_plugin_entry
00000000000d0f60 T libvga_plugin_entry
00000000000df9e0 T libvmware3_img_plugin_entry
00000000000e0c00 T libvmware4_img_plugin_entry
00000000000e18e0 T libvpc_img_plugin_entry
00000000000e27a0 T libvvfat_img_plugin_entry
00000000001b7500 D log_action_ask_choices
00000000001b74fc D log_action_n_choices
00000000001b80a0 B logio_mutex
0000000000087b50 T main
00000000001b7430 D media_status_names
000000000008a5f0 T napi_register_module_v1
000000000008a5e0 T node_api_module_get_api_version_v1
0000000001a606c0 B pageWriteStampTable
00000000019cbdb0 B pcislot_dev_list
000000000009b080 T pluginDevicePresent
00000000019cbe00 B pluginHRQ
00000000019cbe08 B pluginHRQHackCallback
00000000019cbe18 B pluginRegisterDefaultIOReadHandler
00000000019cbe10 B pluginRegisterDefaultIOWriteHandler
000000000009af30 T pluginRegisterDeviceDevmodel
00000000019cbe58 B pluginRegisterIOReadHandler
00000000019cbe38 B pluginRegisterIOReadHandlerRange
00000000019cbe50 B pluginRegisterIOWriteHandler
00000000019cbe30 B pluginRegisterIOWriteHandlerRange
00000000019cbe78 B pluginRegisterIRQ
00000000019cbe68 B pluginSetHRQ
00000000019cbe60 B pluginSetHRQHackCallback
000000000009afd0 T pluginUnregisterDeviceDevmodel
00000000019cbe48 B pluginUnregisterIOReadHandler
00000000019cbe28 B pluginUnregisterIOReadHandlerRange
00000000019cbe40 B pluginUnregisterIOWriteHandler
00000000019cbe20 B pluginUnregisterIOWriteHandlerRange
00000000019cbe70 B pluginUnregisterIRQ
000000000009af20 T plugin_cleanup
000000000009ade0 T plugin_startup
00000000019cbe80 B pluginlog
00000000019cbdf8 B plugins
0000000001a60838 B root_param
00000000001ae9c0 D scancodes
00000000001b6420 D segname
0000000001a60840 B siminterface_log
00000000019cddb0 B theACPIController
00000000019cdd58 B theBiosDevice
00000000019cdd60 B theCmosDevice
00000000019cdd78 B theDmaDevice
00000000019cdd88 B theExternalFpuIrq
00000000019cdd38 B theFloppyController
00000000019cddb8 B theHPET
00000000019cdd70 B theHardDrive
00000000019cdd40 B theKeyboard
00000000019cdd30 B theParallelDevice
00000000019cdda0 B thePci2IsaBridge
00000000019cdd98 B thePciBridge
00000000019cdda8 B thePciIdeController
00000000019cdd18 B thePic
00000000019cdd20 B thePit
00000000019cdd28 B theSerialDevice
00000000019cdd90 B theSpeaker
00000000019cdd80 B theUnmappedDevice
00000000019cddc0 B theVga
00000000001ae8c0 D translation8042
00000000019cbdc0 B vga_extension_names
00000000019cbdb8 B vga_extension_plugins
00000000019cdd50 B vgabioslog
