                                      1 ;--------------------------------------------------------
                                      2 ; File Created by SDCC : free open source ANSI-C Compiler
                                      3 ; Version 4.2.0 #13081 (Linux)
                                      4 ;--------------------------------------------------------
                                      5 	.module lcd
                                      6 	.optsdcc -mmcs51 --model-small
                                      7 	
                                      8 ;--------------------------------------------------------
                                      9 ; Public variables in this module
                                     10 ;--------------------------------------------------------
                                     11 	.globl _cindy_crawford_helmut_newton_bitmask
                                     12 	.globl _main
                                     13 	.globl _st7920_init
                                     14 	.globl _clear_graphics
                                     15 	.globl _st7920_text
                                     16 	.globl _st7920_pos
                                     17 	.globl _st7920_data
                                     18 	.globl _st7920_command
                                     19 	.globl _st7920_byte
                                     20 	.globl _delay
                                     21 	.globl _CY
                                     22 	.globl _AC
                                     23 	.globl _F0
                                     24 	.globl _RS1
                                     25 	.globl _RS0
                                     26 	.globl _OV
                                     27 	.globl _F1
                                     28 	.globl _P
                                     29 	.globl _PS
                                     30 	.globl _PT1
                                     31 	.globl _PX1
                                     32 	.globl _PT0
                                     33 	.globl _PX0
                                     34 	.globl _RD
                                     35 	.globl _WR
                                     36 	.globl _T1
                                     37 	.globl _T0
                                     38 	.globl _INT1
                                     39 	.globl _INT0
                                     40 	.globl _TXD
                                     41 	.globl _RXD
                                     42 	.globl _P3_7
                                     43 	.globl _P3_6
                                     44 	.globl _P3_5
                                     45 	.globl _P3_4
                                     46 	.globl _P3_3
                                     47 	.globl _P3_2
                                     48 	.globl _P3_1
                                     49 	.globl _P3_0
                                     50 	.globl _EA
                                     51 	.globl _ES
                                     52 	.globl _ET1
                                     53 	.globl _EX1
                                     54 	.globl _ET0
                                     55 	.globl _EX0
                                     56 	.globl _P2_7
                                     57 	.globl _P2_6
                                     58 	.globl _P2_5
                                     59 	.globl _P2_4
                                     60 	.globl _P2_3
                                     61 	.globl _P2_2
                                     62 	.globl _P2_1
                                     63 	.globl _P2_0
                                     64 	.globl _SM0
                                     65 	.globl _SM1
                                     66 	.globl _SM2
                                     67 	.globl _REN
                                     68 	.globl _TB8
                                     69 	.globl _RB8
                                     70 	.globl _TI
                                     71 	.globl _RI
                                     72 	.globl _P1_7
                                     73 	.globl _P1_6
                                     74 	.globl _P1_5
                                     75 	.globl _P1_4
                                     76 	.globl _P1_3
                                     77 	.globl _P1_2
                                     78 	.globl _P1_1
                                     79 	.globl _P1_0
                                     80 	.globl _TF1
                                     81 	.globl _TR1
                                     82 	.globl _TF0
                                     83 	.globl _TR0
                                     84 	.globl _IE1
                                     85 	.globl _IT1
                                     86 	.globl _IE0
                                     87 	.globl _IT0
                                     88 	.globl _P0_7
                                     89 	.globl _P0_6
                                     90 	.globl _P0_5
                                     91 	.globl _P0_4
                                     92 	.globl _P0_3
                                     93 	.globl _P0_2
                                     94 	.globl _P0_1
                                     95 	.globl _P0_0
                                     96 	.globl _B
                                     97 	.globl _ACC
                                     98 	.globl _PSW
                                     99 	.globl _IP
                                    100 	.globl _P3
                                    101 	.globl _IE
                                    102 	.globl _P2
                                    103 	.globl _SBUF
                                    104 	.globl _SCON
                                    105 	.globl _P1
                                    106 	.globl _TH1
                                    107 	.globl _TH0
                                    108 	.globl _TL1
                                    109 	.globl _TL0
                                    110 	.globl _TMOD
                                    111 	.globl _TCON
                                    112 	.globl _PCON
                                    113 	.globl _DPH
                                    114 	.globl _DPL
                                    115 	.globl _SP
                                    116 	.globl _P0
                                    117 	.globl _st7920_pos_PARM_2
                                    118 ;--------------------------------------------------------
                                    119 ; special function registers
                                    120 ;--------------------------------------------------------
                                    121 	.area RSEG    (ABS,DATA)
      000000                        122 	.org 0x0000
                           000080   123 _P0	=	0x0080
                           000081   124 _SP	=	0x0081
                           000082   125 _DPL	=	0x0082
                           000083   126 _DPH	=	0x0083
                           000087   127 _PCON	=	0x0087
                           000088   128 _TCON	=	0x0088
                           000089   129 _TMOD	=	0x0089
                           00008A   130 _TL0	=	0x008a
                           00008B   131 _TL1	=	0x008b
                           00008C   132 _TH0	=	0x008c
                           00008D   133 _TH1	=	0x008d
                           000090   134 _P1	=	0x0090
                           000098   135 _SCON	=	0x0098
                           000099   136 _SBUF	=	0x0099
                           0000A0   137 _P2	=	0x00a0
                           0000A8   138 _IE	=	0x00a8
                           0000B0   139 _P3	=	0x00b0
                           0000B8   140 _IP	=	0x00b8
                           0000D0   141 _PSW	=	0x00d0
                           0000E0   142 _ACC	=	0x00e0
                           0000F0   143 _B	=	0x00f0
                                    144 ;--------------------------------------------------------
                                    145 ; special function bits
                                    146 ;--------------------------------------------------------
                                    147 	.area RSEG    (ABS,DATA)
      000000                        148 	.org 0x0000
                           000080   149 _P0_0	=	0x0080
                           000081   150 _P0_1	=	0x0081
                           000082   151 _P0_2	=	0x0082
                           000083   152 _P0_3	=	0x0083
                           000084   153 _P0_4	=	0x0084
                           000085   154 _P0_5	=	0x0085
                           000086   155 _P0_6	=	0x0086
                           000087   156 _P0_7	=	0x0087
                           000088   157 _IT0	=	0x0088
                           000089   158 _IE0	=	0x0089
                           00008A   159 _IT1	=	0x008a
                           00008B   160 _IE1	=	0x008b
                           00008C   161 _TR0	=	0x008c
                           00008D   162 _TF0	=	0x008d
                           00008E   163 _TR1	=	0x008e
                           00008F   164 _TF1	=	0x008f
                           000090   165 _P1_0	=	0x0090
                           000091   166 _P1_1	=	0x0091
                           000092   167 _P1_2	=	0x0092
                           000093   168 _P1_3	=	0x0093
                           000094   169 _P1_4	=	0x0094
                           000095   170 _P1_5	=	0x0095
                           000096   171 _P1_6	=	0x0096
                           000097   172 _P1_7	=	0x0097
                           000098   173 _RI	=	0x0098
                           000099   174 _TI	=	0x0099
                           00009A   175 _RB8	=	0x009a
                           00009B   176 _TB8	=	0x009b
                           00009C   177 _REN	=	0x009c
                           00009D   178 _SM2	=	0x009d
                           00009E   179 _SM1	=	0x009e
                           00009F   180 _SM0	=	0x009f
                           0000A0   181 _P2_0	=	0x00a0
                           0000A1   182 _P2_1	=	0x00a1
                           0000A2   183 _P2_2	=	0x00a2
                           0000A3   184 _P2_3	=	0x00a3
                           0000A4   185 _P2_4	=	0x00a4
                           0000A5   186 _P2_5	=	0x00a5
                           0000A6   187 _P2_6	=	0x00a6
                           0000A7   188 _P2_7	=	0x00a7
                           0000A8   189 _EX0	=	0x00a8
                           0000A9   190 _ET0	=	0x00a9
                           0000AA   191 _EX1	=	0x00aa
                           0000AB   192 _ET1	=	0x00ab
                           0000AC   193 _ES	=	0x00ac
                           0000AF   194 _EA	=	0x00af
                           0000B0   195 _P3_0	=	0x00b0
                           0000B1   196 _P3_1	=	0x00b1
                           0000B2   197 _P3_2	=	0x00b2
                           0000B3   198 _P3_3	=	0x00b3
                           0000B4   199 _P3_4	=	0x00b4
                           0000B5   200 _P3_5	=	0x00b5
                           0000B6   201 _P3_6	=	0x00b6
                           0000B7   202 _P3_7	=	0x00b7
                           0000B0   203 _RXD	=	0x00b0
                           0000B1   204 _TXD	=	0x00b1
                           0000B2   205 _INT0	=	0x00b2
                           0000B3   206 _INT1	=	0x00b3
                           0000B4   207 _T0	=	0x00b4
                           0000B5   208 _T1	=	0x00b5
                           0000B6   209 _WR	=	0x00b6
                           0000B7   210 _RD	=	0x00b7
                           0000B8   211 _PX0	=	0x00b8
                           0000B9   212 _PT0	=	0x00b9
                           0000BA   213 _PX1	=	0x00ba
                           0000BB   214 _PT1	=	0x00bb
                           0000BC   215 _PS	=	0x00bc
                           0000D0   216 _P	=	0x00d0
                           0000D1   217 _F1	=	0x00d1
                           0000D2   218 _OV	=	0x00d2
                           0000D3   219 _RS0	=	0x00d3
                           0000D4   220 _RS1	=	0x00d4
                           0000D5   221 _F0	=	0x00d5
                           0000D6   222 _AC	=	0x00d6
                           0000D7   223 _CY	=	0x00d7
                                    224 ;--------------------------------------------------------
                                    225 ; overlayable register banks
                                    226 ;--------------------------------------------------------
                                    227 	.area REG_BANK_0	(REL,OVR,DATA)
      000000                        228 	.ds 8
                                    229 ;--------------------------------------------------------
                                    230 ; internal ram data
                                    231 ;--------------------------------------------------------
                                    232 	.area DSEG    (DATA)
      000000                        233 _st7920_pos_PARM_2:
      000000                        234 	.ds 1
                                    235 ;--------------------------------------------------------
                                    236 ; overlayable items in internal ram
                                    237 ;--------------------------------------------------------
                                    238 	.area	OSEG    (OVR,DATA)
                                    239 	.area	OSEG    (OVR,DATA)
                                    240 ;--------------------------------------------------------
                                    241 ; Stack segment in internal ram
                                    242 ;--------------------------------------------------------
                                    243 	.area	SSEG
      000000                        244 __start__stack:
      000000                        245 	.ds	1
                                    246 
                                    247 ;--------------------------------------------------------
                                    248 ; indirectly addressable internal ram data
                                    249 ;--------------------------------------------------------
                                    250 	.area ISEG    (DATA)
                                    251 ;--------------------------------------------------------
                                    252 ; absolute internal ram data
                                    253 ;--------------------------------------------------------
                                    254 	.area IABS    (ABS,DATA)
                                    255 	.area IABS    (ABS,DATA)
                                    256 ;--------------------------------------------------------
                                    257 ; bit data
                                    258 ;--------------------------------------------------------
                                    259 	.area BSEG    (BIT)
                                    260 ;--------------------------------------------------------
                                    261 ; paged external ram data
                                    262 ;--------------------------------------------------------
                                    263 	.area PSEG    (PAG,XDATA)
                                    264 ;--------------------------------------------------------
                                    265 ; external ram data
                                    266 ;--------------------------------------------------------
                                    267 	.area XSEG    (XDATA)
                                    268 ;--------------------------------------------------------
                                    269 ; absolute external ram data
                                    270 ;--------------------------------------------------------
                                    271 	.area XABS    (ABS,XDATA)
                                    272 ;--------------------------------------------------------
                                    273 ; external initialized ram data
                                    274 ;--------------------------------------------------------
                                    275 	.area XISEG   (XDATA)
                                    276 	.area HOME    (CODE)
                                    277 	.area GSINIT0 (CODE)
                                    278 	.area GSINIT1 (CODE)
                                    279 	.area GSINIT2 (CODE)
                                    280 	.area GSINIT3 (CODE)
                                    281 	.area GSINIT4 (CODE)
                                    282 	.area GSINIT5 (CODE)
                                    283 	.area GSINIT  (CODE)
                                    284 	.area GSFINAL (CODE)
                                    285 	.area CSEG    (CODE)
                                    286 ;--------------------------------------------------------
                                    287 ; interrupt vector
                                    288 ;--------------------------------------------------------
                                    289 	.area HOME    (CODE)
      000000                        290 __interrupt_vect:
      000000 02r00r00         [24]  291 	ljmp	__sdcc_gsinit_startup
                                    292 ;--------------------------------------------------------
                                    293 ; global & static initialisations
                                    294 ;--------------------------------------------------------
                                    295 	.area HOME    (CODE)
                                    296 	.area GSINIT  (CODE)
                                    297 	.area GSFINAL (CODE)
                                    298 	.area GSINIT  (CODE)
                                    299 	.globl __sdcc_gsinit_startup
                                    300 	.globl __sdcc_program_startup
                                    301 	.globl __start__stack
                                    302 	.globl __mcs51_genXINIT
                                    303 	.globl __mcs51_genXRAMCLEAR
                                    304 	.globl __mcs51_genRAMCLEAR
                                    305 	.area GSFINAL (CODE)
      000000 02r00r03         [24]  306 	ljmp	__sdcc_program_startup
                                    307 ;--------------------------------------------------------
                                    308 ; Home
                                    309 ;--------------------------------------------------------
                                    310 	.area HOME    (CODE)
                                    311 	.area HOME    (CODE)
      000003                        312 __sdcc_program_startup:
      000003 02r01r37         [24]  313 	ljmp	_main
                                    314 ;	return from main will return to caller
                                    315 ;--------------------------------------------------------
                                    316 ; code
                                    317 ;--------------------------------------------------------
                                    318 	.area CSEG    (CODE)
                                    319 ;------------------------------------------------------------
                                    320 ;Allocation info for local variables in function 'delay'
                                    321 ;------------------------------------------------------------
                                    322 ;t                         Allocated to registers 
                                    323 ;------------------------------------------------------------
                                    324 ;	04_st7920_graph/lcd.c:32: void delay(uint16_t t) {
                                    325 ;	-----------------------------------------
                                    326 ;	 function delay
                                    327 ;	-----------------------------------------
      000000                        328 _delay:
                           000007   329 	ar7 = 0x07
                           000006   330 	ar6 = 0x06
                           000005   331 	ar5 = 0x05
                           000004   332 	ar4 = 0x04
                           000003   333 	ar3 = 0x03
                           000002   334 	ar2 = 0x02
                           000001   335 	ar1 = 0x01
                           000000   336 	ar0 = 0x00
      000000 AE 82            [24]  337 	mov	r6,dpl
      000002 AF 83            [24]  338 	mov	r7,dph
                                    339 ;	04_st7920_graph/lcd.c:33: while (t--) // Simple delay loop (more than 1us at 12MHz)
      000004                        340 00101$:
      000004 8E 04            [24]  341 	mov	ar4,r6
      000006 8F 05            [24]  342 	mov	ar5,r7
      000008 1E               [12]  343 	dec	r6
      000009 BE FF 01         [24]  344 	cjne	r6,#0xff,00111$
      00000C 1F               [12]  345 	dec	r7
      00000D                        346 00111$:
      00000D EC               [12]  347 	mov	a,r4
      00000E 4D               [12]  348 	orl	a,r5
      00000F 70 F3            [24]  349 	jnz	00101$
                                    350 ;	04_st7920_graph/lcd.c:35: }
      000011 22               [24]  351 	ret
                                    352 ;------------------------------------------------------------
                                    353 ;Allocation info for local variables in function 'st7920_byte'
                                    354 ;------------------------------------------------------------
                                    355 ;d                         Allocated to registers r7 
                                    356 ;i                         Allocated to registers r6 
                                    357 ;------------------------------------------------------------
                                    358 ;	04_st7920_graph/lcd.c:37: void st7920_byte(uint8_t d) {
                                    359 ;	-----------------------------------------
                                    360 ;	 function st7920_byte
                                    361 ;	-----------------------------------------
      000012                        362 _st7920_byte:
      000012 AF 82            [24]  363 	mov	r7,dpl
                                    364 ;	04_st7920_graph/lcd.c:38: for(uint8_t i = 0; i < 8; i++) { // MSB first
      000014 7E 00            [12]  365 	mov	r6,#0x00
      000016                        366 00103$:
      000016 BE 08 00         [24]  367 	cjne	r6,#0x08,00116$
      000019                        368 00116$:
      000019 50 14            [24]  369 	jnc	00101$
                                    370 ;	04_st7920_graph/lcd.c:39: ST7920_SCLK = 0; // Toggle bits on rising edge
                                    371 ;	assignBit
      00001B C2 A7            [12]  372 	clr	_P2_7
                                    373 ;	04_st7920_graph/lcd.c:40: ST7920_SID = d & 0x80;
      00001D EF               [12]  374 	mov	a,r7
      00001E 23               [12]  375 	rl	a
      00001F 54 01            [12]  376 	anl	a,#0x01
                                    377 ;	assignBit
      000021 24 FF            [12]  378 	add	a,#0xff
      000023 92 A5            [24]  379 	mov	_P2_5,c
                                    380 ;	04_st7920_graph/lcd.c:41: d <<= 1;
      000025 8F 05            [24]  381 	mov	ar5,r7
      000027 ED               [12]  382 	mov	a,r5
      000028 2D               [12]  383 	add	a,r5
      000029 FF               [12]  384 	mov	r7,a
                                    385 ;	04_st7920_graph/lcd.c:42: ST7920_SCLK = 1; // Reset state
                                    386 ;	assignBit
      00002A D2 A7            [12]  387 	setb	_P2_7
                                    388 ;	04_st7920_graph/lcd.c:38: for(uint8_t i = 0; i < 8; i++) { // MSB first
      00002C 0E               [12]  389 	inc	r6
      00002D 80 E7            [24]  390 	sjmp	00103$
      00002F                        391 00101$:
                                    392 ;	04_st7920_graph/lcd.c:44: ST7920_SCLK = 0; // Reset state
                                    393 ;	assignBit
      00002F C2 A7            [12]  394 	clr	_P2_7
                                    395 ;	04_st7920_graph/lcd.c:45: }
      000031 22               [24]  396 	ret
                                    397 ;------------------------------------------------------------
                                    398 ;Allocation info for local variables in function 'st7920_command'
                                    399 ;------------------------------------------------------------
                                    400 ;cmd                       Allocated to registers r7 
                                    401 ;------------------------------------------------------------
                                    402 ;	04_st7920_graph/lcd.c:47: void st7920_command(uint8_t cmd) {
                                    403 ;	-----------------------------------------
                                    404 ;	 function st7920_command
                                    405 ;	-----------------------------------------
      000032                        406 _st7920_command:
      000032 AF 82            [24]  407 	mov	r7,dpl
                                    408 ;	04_st7920_graph/lcd.c:48: ST7920_CS = 1;
                                    409 ;	assignBit
      000034 D2 A6            [12]  410 	setb	_P2_6
                                    411 ;	04_st7920_graph/lcd.c:49: st7920_byte(0b11111000);
      000036 75 82 F8         [24]  412 	mov	dpl,#0xf8
      000039 C0 07            [24]  413 	push	ar7
      00003B 12r00r12         [24]  414 	lcall	_st7920_byte
      00003E D0 07            [24]  415 	pop	ar7
                                    416 ;	04_st7920_graph/lcd.c:52: st7920_byte(0xF0 & cmd);        // high nibble
      000040 74 F0            [12]  417 	mov	a,#0xf0
      000042 5F               [12]  418 	anl	a,r7
      000043 F5 82            [12]  419 	mov	dpl,a
      000045 C0 07            [24]  420 	push	ar7
      000047 12r00r12         [24]  421 	lcall	_st7920_byte
      00004A D0 07            [24]  422 	pop	ar7
                                    423 ;	04_st7920_graph/lcd.c:53: st7920_byte(0xF0 & (cmd << 4)); // low nibble
      00004C EF               [12]  424 	mov	a,r7
      00004D C4               [12]  425 	swap	a
      00004E 54 F0            [12]  426 	anl	a,#0xf0
      000050 FF               [12]  427 	mov	r7,a
      000051 74 F0            [12]  428 	mov	a,#0xf0
      000053 5F               [12]  429 	anl	a,r7
      000054 F5 82            [12]  430 	mov	dpl,a
      000056 12r00r12         [24]  431 	lcall	_st7920_byte
                                    432 ;	04_st7920_graph/lcd.c:54: ST7920_CS = 0;
                                    433 ;	assignBit
      000059 C2 A6            [12]  434 	clr	_P2_6
                                    435 ;	04_st7920_graph/lcd.c:55: }
      00005B 22               [24]  436 	ret
                                    437 ;------------------------------------------------------------
                                    438 ;Allocation info for local variables in function 'st7920_data'
                                    439 ;------------------------------------------------------------
                                    440 ;data                      Allocated to registers r7 
                                    441 ;------------------------------------------------------------
                                    442 ;	04_st7920_graph/lcd.c:57: void st7920_data(uint8_t data) {
                                    443 ;	-----------------------------------------
                                    444 ;	 function st7920_data
                                    445 ;	-----------------------------------------
      00005C                        446 _st7920_data:
      00005C AF 82            [24]  447 	mov	r7,dpl
                                    448 ;	04_st7920_graph/lcd.c:58: ST7920_CS = 1;
                                    449 ;	assignBit
      00005E D2 A6            [12]  450 	setb	_P2_6
                                    451 ;	04_st7920_graph/lcd.c:59: st7920_byte(0b11111010);
      000060 75 82 FA         [24]  452 	mov	dpl,#0xfa
      000063 C0 07            [24]  453 	push	ar7
      000065 12r00r12         [24]  454 	lcall	_st7920_byte
      000068 D0 07            [24]  455 	pop	ar7
                                    456 ;	04_st7920_graph/lcd.c:62: st7920_byte(0xF0 & data);        // high nibble
      00006A 74 F0            [12]  457 	mov	a,#0xf0
      00006C 5F               [12]  458 	anl	a,r7
      00006D F5 82            [12]  459 	mov	dpl,a
      00006F C0 07            [24]  460 	push	ar7
      000071 12r00r12         [24]  461 	lcall	_st7920_byte
      000074 D0 07            [24]  462 	pop	ar7
                                    463 ;	04_st7920_graph/lcd.c:63: st7920_byte(0xF0 & (data << 4)); // low nibble
      000076 EF               [12]  464 	mov	a,r7
      000077 C4               [12]  465 	swap	a
      000078 54 F0            [12]  466 	anl	a,#0xf0
      00007A FF               [12]  467 	mov	r7,a
      00007B 74 F0            [12]  468 	mov	a,#0xf0
      00007D 5F               [12]  469 	anl	a,r7
      00007E F5 82            [12]  470 	mov	dpl,a
      000080 12r00r12         [24]  471 	lcall	_st7920_byte
                                    472 ;	04_st7920_graph/lcd.c:64: ST7920_CS = 0;
                                    473 ;	assignBit
      000083 C2 A6            [12]  474 	clr	_P2_6
                                    475 ;	04_st7920_graph/lcd.c:65: }
      000085 22               [24]  476 	ret
                                    477 ;------------------------------------------------------------
                                    478 ;Allocation info for local variables in function 'st7920_pos'
                                    479 ;------------------------------------------------------------
                                    480 ;y                         Allocated with name '_st7920_pos_PARM_2'
                                    481 ;x                         Allocated to registers r7 
                                    482 ;------------------------------------------------------------
                                    483 ;	04_st7920_graph/lcd.c:80: void st7920_pos(uint8_t x, uint8_t y) {
                                    484 ;	-----------------------------------------
                                    485 ;	 function st7920_pos
                                    486 ;	-----------------------------------------
      000086                        487 _st7920_pos:
      000086 AF 82            [24]  488 	mov	r7,dpl
                                    489 ;	04_st7920_graph/lcd.c:81: if(y >= 32) { // Wrap around for 128x64 mode
      000088 74 E0            [12]  490 	mov	a,#0x100 - 0x20
      00008A 25*00            [12]  491 	add	a,_st7920_pos_PARM_2
      00008C 50 0D            [24]  492 	jnc	00102$
                                    493 ;	04_st7920_graph/lcd.c:82: x += 8;
      00008E 8F 06            [24]  494 	mov	ar6,r7
      000090 74 08            [12]  495 	mov	a,#0x08
      000092 2E               [12]  496 	add	a,r6
      000093 FF               [12]  497 	mov	r7,a
                                    498 ;	04_st7920_graph/lcd.c:83: y -= 32;
      000094 E5*00            [12]  499 	mov	a,_st7920_pos_PARM_2
      000096 FE               [12]  500 	mov	r6,a
      000097 24 E0            [12]  501 	add	a,#0xe0
      000099 F5*00            [12]  502 	mov	_st7920_pos_PARM_2,a
      00009B                        503 00102$:
                                    504 ;	04_st7920_graph/lcd.c:85: st7920_command(ST7920_ADDR | (y & 0x3F)); // Set GDRAM Y address
      00009B E5*00            [12]  505 	mov	a,_st7920_pos_PARM_2
      00009D 54 3F            [12]  506 	anl	a,#0x3f
      00009F 44 80            [12]  507 	orl	a,#0x80
      0000A1 F5 82            [12]  508 	mov	dpl,a
      0000A3 C0 07            [24]  509 	push	ar7
      0000A5 12r00r32         [24]  510 	lcall	_st7920_command
      0000A8 D0 07            [24]  511 	pop	ar7
                                    512 ;	04_st7920_graph/lcd.c:86: st7920_command(ST7920_ADDR | (x & 0x0F)); // Set GDRAM X address
      0000AA 74 0F            [12]  513 	mov	a,#0x0f
      0000AC 5F               [12]  514 	anl	a,r7
      0000AD 44 80            [12]  515 	orl	a,#0x80
      0000AF F5 82            [12]  516 	mov	dpl,a
                                    517 ;	04_st7920_graph/lcd.c:87: }
      0000B1 02r00r32         [24]  518 	ljmp	_st7920_command
                                    519 ;------------------------------------------------------------
                                    520 ;Allocation info for local variables in function 'st7920_text'
                                    521 ;------------------------------------------------------------
                                    522 ;str                       Allocated to registers 
                                    523 ;------------------------------------------------------------
                                    524 ;	04_st7920_graph/lcd.c:89: void st7920_text(const char* str) {
                                    525 ;	-----------------------------------------
                                    526 ;	 function st7920_text
                                    527 ;	-----------------------------------------
      0000B4                        528 _st7920_text:
      0000B4 AD 82            [24]  529 	mov	r5,dpl
      0000B6 AE 83            [24]  530 	mov	r6,dph
      0000B8 AF F0            [24]  531 	mov	r7,b
                                    532 ;	04_st7920_graph/lcd.c:90: while (*str) {
      0000BA                        533 00101$:
      0000BA 8D 82            [24]  534 	mov	dpl,r5
      0000BC 8E 83            [24]  535 	mov	dph,r6
      0000BE 8F F0            [24]  536 	mov	b,r7
      0000C0 12r00r00         [24]  537 	lcall	__gptrget
      0000C3 FC               [12]  538 	mov	r4,a
      0000C4 60 18            [24]  539 	jz	00104$
                                    540 ;	04_st7920_graph/lcd.c:91: st7920_data((uint8_t)(*str));
      0000C6 8C 82            [24]  541 	mov	dpl,r4
      0000C8 C0 07            [24]  542 	push	ar7
      0000CA C0 06            [24]  543 	push	ar6
      0000CC C0 05            [24]  544 	push	ar5
      0000CE 12r00r5C         [24]  545 	lcall	_st7920_data
      0000D1 D0 05            [24]  546 	pop	ar5
      0000D3 D0 06            [24]  547 	pop	ar6
      0000D5 D0 07            [24]  548 	pop	ar7
                                    549 ;	04_st7920_graph/lcd.c:92: str++;
      0000D7 0D               [12]  550 	inc	r5
      0000D8 BD 00 DF         [24]  551 	cjne	r5,#0x00,00101$
      0000DB 0E               [12]  552 	inc	r6
      0000DC 80 DC            [24]  553 	sjmp	00101$
      0000DE                        554 00104$:
                                    555 ;	04_st7920_graph/lcd.c:94: }
      0000DE 22               [24]  556 	ret
                                    557 ;------------------------------------------------------------
                                    558 ;Allocation info for local variables in function 'clear_graphics'
                                    559 ;------------------------------------------------------------
                                    560 ;row                       Allocated to registers r7 
                                    561 ;col                       Allocated to registers r6 
                                    562 ;------------------------------------------------------------
                                    563 ;	04_st7920_graph/lcd.c:96: void clear_graphics(void) {
                                    564 ;	-----------------------------------------
                                    565 ;	 function clear_graphics
                                    566 ;	-----------------------------------------
      0000DF                        567 _clear_graphics:
                                    568 ;	04_st7920_graph/lcd.c:97: for(uint8_t row = 0; row < 64; row++) {
      0000DF 7F 00            [12]  569 	mov	r7,#0x00
      0000E1                        570 00107$:
      0000E1 BF 40 00         [24]  571 	cjne	r7,#0x40,00129$
      0000E4                        572 00129$:
      0000E4 50 2D            [24]  573 	jnc	00109$
                                    574 ;	04_st7920_graph/lcd.c:98: st7920_pos(0,row);
      0000E6 8F*00            [24]  575 	mov	_st7920_pos_PARM_2,r7
      0000E8 75 82 00         [24]  576 	mov	dpl,#0x00
      0000EB C0 07            [24]  577 	push	ar7
      0000ED 12r00r86         [24]  578 	lcall	_st7920_pos
      0000F0 D0 07            [24]  579 	pop	ar7
                                    580 ;	04_st7920_graph/lcd.c:99: for(uint8_t col = 0; col < 8; col++) {
      0000F2 7E 00            [12]  581 	mov	r6,#0x00
      0000F4                        582 00104$:
      0000F4 BE 08 00         [24]  583 	cjne	r6,#0x08,00131$
      0000F7                        584 00131$:
      0000F7 50 17            [24]  585 	jnc	00108$
                                    586 ;	04_st7920_graph/lcd.c:100: st7920_data(0x00);
      0000F9 75 82 00         [24]  587 	mov	dpl,#0x00
      0000FC C0 07            [24]  588 	push	ar7
      0000FE C0 06            [24]  589 	push	ar6
      000100 12r00r5C         [24]  590 	lcall	_st7920_data
                                    591 ;	04_st7920_graph/lcd.c:101: st7920_data(0x00);
      000103 75 82 00         [24]  592 	mov	dpl,#0x00
      000106 12r00r5C         [24]  593 	lcall	_st7920_data
      000109 D0 06            [24]  594 	pop	ar6
      00010B D0 07            [24]  595 	pop	ar7
                                    596 ;	04_st7920_graph/lcd.c:99: for(uint8_t col = 0; col < 8; col++) {
      00010D 0E               [12]  597 	inc	r6
      00010E 80 E4            [24]  598 	sjmp	00104$
      000110                        599 00108$:
                                    600 ;	04_st7920_graph/lcd.c:97: for(uint8_t row = 0; row < 64; row++) {
      000110 0F               [12]  601 	inc	r7
      000111 80 CE            [24]  602 	sjmp	00107$
      000113                        603 00109$:
                                    604 ;	04_st7920_graph/lcd.c:104: }
      000113 22               [24]  605 	ret
                                    606 ;------------------------------------------------------------
                                    607 ;Allocation info for local variables in function 'st7920_init'
                                    608 ;------------------------------------------------------------
                                    609 ;	04_st7920_graph/lcd.c:106: void st7920_init() { // Figure 8-bit interface from ST7920 datasheet
                                    610 ;	-----------------------------------------
                                    611 ;	 function st7920_init
                                    612 ;	-----------------------------------------
      000114                        613 _st7920_init:
                                    614 ;	04_st7920_graph/lcd.c:107: ST7920_SCLK = 0; // Reset state
                                    615 ;	assignBit
      000114 C2 A7            [12]  616 	clr	_P2_7
                                    617 ;	04_st7920_graph/lcd.c:108: ST7920_RST = 0; // Force reset
                                    618 ;	assignBit
      000116 C2 B4            [12]  619 	clr	_P3_4
                                    620 ;	04_st7920_graph/lcd.c:109: ST7920_CS = 0;  // Defined state
                                    621 ;	assignBit
      000118 C2 A6            [12]  622 	clr	_P2_6
                                    623 ;	04_st7920_graph/lcd.c:110: delay(40000);
      00011A 90 9C 40         [24]  624 	mov	dptr,#0x9c40
      00011D 12r00r00         [24]  625 	lcall	_delay
                                    626 ;	04_st7920_graph/lcd.c:111: ST7920_RST = 1;
                                    627 ;	assignBit
      000120 D2 B4            [12]  628 	setb	_P3_4
                                    629 ;	04_st7920_graph/lcd.c:112: delay(40000); // Wait for more than 40ms after Vcc rises to 4.5V
      000122 90 9C 40         [24]  630 	mov	dptr,#0x9c40
      000125 12r00r00         [24]  631 	lcall	_delay
                                    632 ;	04_st7920_graph/lcd.c:113: st7920_command(ST7920_EXTENDED_MODE); // Extended mode to make GDRAM accessible
      000128 75 82 34         [24]  633 	mov	dpl,#0x34
      00012B 12r00r32         [24]  634 	lcall	_st7920_command
                                    635 ;	04_st7920_graph/lcd.c:114: clear_graphics();                     // Clear graphics RAM
      00012E 12r00rDF         [24]  636 	lcall	_clear_graphics
                                    637 ;	04_st7920_graph/lcd.c:115: st7920_command(ST7920_GRAPHICS_MODE); // Enable GRAM mapping
      000131 75 82 36         [24]  638 	mov	dpl,#0x36
                                    639 ;	04_st7920_graph/lcd.c:116: }
      000134 02r00r32         [24]  640 	ljmp	_st7920_command
                                    641 ;------------------------------------------------------------
                                    642 ;Allocation info for local variables in function 'main'
                                    643 ;------------------------------------------------------------
                                    644 ;row                       Allocated to registers r7 
                                    645 ;col                       Allocated to registers r6 
                                    646 ;------------------------------------------------------------
                                    647 ;	04_st7920_graph/lcd.c:118: void main(void) {
                                    648 ;	-----------------------------------------
                                    649 ;	 function main
                                    650 ;	-----------------------------------------
      000137                        651 _main:
                                    652 ;	04_st7920_graph/lcd.c:119: st7920_init();
      000137 12r01r14         [24]  653 	lcall	_st7920_init
                                    654 ;	04_st7920_graph/lcd.c:122: for(uint8_t row = 0; row < 64; row++) {
      00013A 7F 00            [12]  655 	mov	r7,#0x00
      00013C                        656 00108$:
      00013C BF 40 00         [24]  657 	cjne	r7,#0x40,00136$
      00013F                        658 00136$:
      00013F 40 03            [24]  659 	jc	00137$
      000141 02r01rBD         [24]  660 	ljmp	00111$
      000144                        661 00137$:
                                    662 ;	04_st7920_graph/lcd.c:123: st7920_pos(0, row);
      000144 8F*00            [24]  663 	mov	_st7920_pos_PARM_2,r7
      000146 75 82 00         [24]  664 	mov	dpl,#0x00
      000149 C0 07            [24]  665 	push	ar7
      00014B 12r00r86         [24]  666 	lcall	_st7920_pos
      00014E D0 07            [24]  667 	pop	ar7
                                    668 ;	04_st7920_graph/lcd.c:124: for(uint8_t col = 0; col < 8; col++) {
      000150 7E 00            [12]  669 	mov	r6,#0x00
      000152                        670 00105$:
      000152 BE 08 00         [24]  671 	cjne	r6,#0x08,00138$
      000155                        672 00138$:
      000155 50 62            [24]  673 	jnc	00109$
                                    674 ;	04_st7920_graph/lcd.c:125: st7920_data(cindy_crawford_helmut_newton_bitmask[row * 16 + col * 2]);
      000157 8F 04            [24]  675 	mov	ar4,r7
      000159 E4               [12]  676 	clr	a
      00015A C4               [12]  677 	swap	a
      00015B 54 F0            [12]  678 	anl	a,#0xf0
      00015D CC               [12]  679 	xch	a,r4
      00015E C4               [12]  680 	swap	a
      00015F CC               [12]  681 	xch	a,r4
      000160 6C               [12]  682 	xrl	a,r4
      000161 CC               [12]  683 	xch	a,r4
      000162 54 F0            [12]  684 	anl	a,#0xf0
      000164 CC               [12]  685 	xch	a,r4
      000165 6C               [12]  686 	xrl	a,r4
      000166 FD               [12]  687 	mov	r5,a
      000167 8E 02            [24]  688 	mov	ar2,r6
      000169 7B 00            [12]  689 	mov	r3,#0x00
      00016B EA               [12]  690 	mov	a,r2
      00016C 2A               [12]  691 	add	a,r2
      00016D FA               [12]  692 	mov	r2,a
      00016E EB               [12]  693 	mov	a,r3
      00016F 33               [12]  694 	rlc	a
      000170 FB               [12]  695 	mov	r3,a
      000171 EA               [12]  696 	mov	a,r2
      000172 2C               [12]  697 	add	a,r4
      000173 FC               [12]  698 	mov	r4,a
      000174 EB               [12]  699 	mov	a,r3
      000175 3D               [12]  700 	addc	a,r5
      000176 FD               [12]  701 	mov	r5,a
      000177 EC               [12]  702 	mov	a,r4
      000178 24r00            [12]  703 	add	a,#_cindy_crawford_helmut_newton_bitmask
      00017A F5 82            [12]  704 	mov	dpl,a
      00017C ED               [12]  705 	mov	a,r5
      00017D 34s00            [12]  706 	addc	a,#(_cindy_crawford_helmut_newton_bitmask >> 8)
      00017F F5 83            [12]  707 	mov	dph,a
      000181 E4               [12]  708 	clr	a
      000182 93               [24]  709 	movc	a,@a+dptr
      000183 F5 82            [12]  710 	mov	dpl,a
      000185 C0 07            [24]  711 	push	ar7
      000187 C0 06            [24]  712 	push	ar6
      000189 C0 05            [24]  713 	push	ar5
      00018B C0 04            [24]  714 	push	ar4
      00018D 12r00r5C         [24]  715 	lcall	_st7920_data
      000190 D0 04            [24]  716 	pop	ar4
      000192 D0 05            [24]  717 	pop	ar5
      000194 D0 06            [24]  718 	pop	ar6
      000196 D0 07            [24]  719 	pop	ar7
                                    720 ;	04_st7920_graph/lcd.c:126: st7920_data(cindy_crawford_helmut_newton_bitmask[row * 16 + col * 2 + 1]);
      000198 0C               [12]  721 	inc	r4
      000199 BC 00 01         [24]  722 	cjne	r4,#0x00,00140$
      00019C 0D               [12]  723 	inc	r5
      00019D                        724 00140$:
      00019D EC               [12]  725 	mov	a,r4
      00019E 24r00            [12]  726 	add	a,#_cindy_crawford_helmut_newton_bitmask
      0001A0 F5 82            [12]  727 	mov	dpl,a
      0001A2 ED               [12]  728 	mov	a,r5
      0001A3 34s00            [12]  729 	addc	a,#(_cindy_crawford_helmut_newton_bitmask >> 8)
      0001A5 F5 83            [12]  730 	mov	dph,a
      0001A7 E4               [12]  731 	clr	a
      0001A8 93               [24]  732 	movc	a,@a+dptr
      0001A9 F5 82            [12]  733 	mov	dpl,a
      0001AB C0 07            [24]  734 	push	ar7
      0001AD C0 06            [24]  735 	push	ar6
      0001AF 12r00r5C         [24]  736 	lcall	_st7920_data
      0001B2 D0 06            [24]  737 	pop	ar6
      0001B4 D0 07            [24]  738 	pop	ar7
                                    739 ;	04_st7920_graph/lcd.c:124: for(uint8_t col = 0; col < 8; col++) {
      0001B6 0E               [12]  740 	inc	r6
      0001B7 80 99            [24]  741 	sjmp	00105$
      0001B9                        742 00109$:
                                    743 ;	04_st7920_graph/lcd.c:122: for(uint8_t row = 0; row < 64; row++) {
      0001B9 0F               [12]  744 	inc	r7
      0001BA 02r01r3C         [24]  745 	ljmp	00108$
      0001BD                        746 00111$:
                                    747 ;	04_st7920_graph/lcd.c:146: }
      0001BD 80 FE            [24]  748 	sjmp	00111$
                                    749 	.area CSEG    (CODE)
                                    750 	.area CONST   (CODE)
      000000                        751 _cindy_crawford_helmut_newton_bitmask:
      000000 00                     752 	.db #0x00	; 0
      000001 00                     753 	.db #0x00	; 0
      000002 00                     754 	.db #0x00	; 0
      000003 00                     755 	.db #0x00	; 0
      000004 00                     756 	.db #0x00	; 0
      000005 00                     757 	.db #0x00	; 0
      000006 00                     758 	.db #0x00	; 0
      000007 00                     759 	.db #0x00	; 0
      000008 00                     760 	.db #0x00	; 0
      000009 00                     761 	.db #0x00	; 0
      00000A 00                     762 	.db #0x00	; 0
      00000B 00                     763 	.db #0x00	; 0
      00000C 00                     764 	.db #0x00	; 0
      00000D 00                     765 	.db #0x00	; 0
      00000E 00                     766 	.db #0x00	; 0
      00000F 00                     767 	.db #0x00	; 0
      000010 00                     768 	.db #0x00	; 0
      000011 00                     769 	.db #0x00	; 0
      000012 00                     770 	.db #0x00	; 0
      000013 00                     771 	.db #0x00	; 0
      000014 00                     772 	.db #0x00	; 0
      000015 00                     773 	.db #0x00	; 0
      000016 00                     774 	.db #0x00	; 0
      000017 00                     775 	.db #0x00	; 0
      000018 00                     776 	.db #0x00	; 0
      000019 00                     777 	.db #0x00	; 0
      00001A 00                     778 	.db #0x00	; 0
      00001B 00                     779 	.db #0x00	; 0
      00001C 00                     780 	.db #0x00	; 0
      00001D 00                     781 	.db #0x00	; 0
      00001E 00                     782 	.db #0x00	; 0
      00001F 00                     783 	.db #0x00	; 0
      000020 00                     784 	.db #0x00	; 0
      000021 00                     785 	.db #0x00	; 0
      000022 00                     786 	.db #0x00	; 0
      000023 00                     787 	.db #0x00	; 0
      000024 00                     788 	.db #0x00	; 0
      000025 00                     789 	.db #0x00	; 0
      000026 00                     790 	.db #0x00	; 0
      000027 00                     791 	.db #0x00	; 0
      000028 00                     792 	.db #0x00	; 0
      000029 00                     793 	.db #0x00	; 0
      00002A 00                     794 	.db #0x00	; 0
      00002B 10                     795 	.db #0x10	; 16
      00002C 08                     796 	.db #0x08	; 8
      00002D 00                     797 	.db #0x00	; 0
      00002E 00                     798 	.db #0x00	; 0
      00002F 00                     799 	.db #0x00	; 0
      000030 00                     800 	.db #0x00	; 0
      000031 00                     801 	.db #0x00	; 0
      000032 00                     802 	.db #0x00	; 0
      000033 00                     803 	.db #0x00	; 0
      000034 00                     804 	.db #0x00	; 0
      000035 00                     805 	.db #0x00	; 0
      000036 00                     806 	.db #0x00	; 0
      000037 00                     807 	.db #0x00	; 0
      000038 00                     808 	.db #0x00	; 0
      000039 00                     809 	.db #0x00	; 0
      00003A 00                     810 	.db #0x00	; 0
      00003B 10                     811 	.db #0x10	; 16
      00003C 08                     812 	.db #0x08	; 8
      00003D 00                     813 	.db #0x00	; 0
      00003E 00                     814 	.db #0x00	; 0
      00003F 00                     815 	.db #0x00	; 0
      000040 00                     816 	.db #0x00	; 0
      000041 00                     817 	.db #0x00	; 0
      000042 00                     818 	.db #0x00	; 0
      000043 00                     819 	.db #0x00	; 0
      000044 00                     820 	.db #0x00	; 0
      000045 00                     821 	.db #0x00	; 0
      000046 00                     822 	.db #0x00	; 0
      000047 00                     823 	.db #0x00	; 0
      000048 00                     824 	.db #0x00	; 0
      000049 00                     825 	.db #0x00	; 0
      00004A 00                     826 	.db #0x00	; 0
      00004B 08                     827 	.db #0x08	; 8
      00004C 10                     828 	.db #0x10	; 16
      00004D 00                     829 	.db #0x00	; 0
      00004E 00                     830 	.db #0x00	; 0
      00004F 00                     831 	.db #0x00	; 0
      000050 00                     832 	.db #0x00	; 0
      000051 00                     833 	.db #0x00	; 0
      000052 00                     834 	.db #0x00	; 0
      000053 00                     835 	.db #0x00	; 0
      000054 00                     836 	.db #0x00	; 0
      000055 00                     837 	.db #0x00	; 0
      000056 00                     838 	.db #0x00	; 0
      000057 00                     839 	.db #0x00	; 0
      000058 00                     840 	.db #0x00	; 0
      000059 00                     841 	.db #0x00	; 0
      00005A 00                     842 	.db #0x00	; 0
      00005B 0C                     843 	.db #0x0c	; 12
      00005C 18                     844 	.db #0x18	; 24
      00005D 00                     845 	.db #0x00	; 0
      00005E 00                     846 	.db #0x00	; 0
      00005F 00                     847 	.db #0x00	; 0
      000060 00                     848 	.db #0x00	; 0
      000061 00                     849 	.db #0x00	; 0
      000062 00                     850 	.db #0x00	; 0
      000063 00                     851 	.db #0x00	; 0
      000064 00                     852 	.db #0x00	; 0
      000065 00                     853 	.db #0x00	; 0
      000066 00                     854 	.db #0x00	; 0
      000067 00                     855 	.db #0x00	; 0
      000068 00                     856 	.db #0x00	; 0
      000069 00                     857 	.db #0x00	; 0
      00006A 00                     858 	.db #0x00	; 0
      00006B 0D                     859 	.db #0x0d	; 13
      00006C F0                     860 	.db #0xf0	; 240
      00006D 00                     861 	.db #0x00	; 0
      00006E 00                     862 	.db #0x00	; 0
      00006F 00                     863 	.db #0x00	; 0
      000070 00                     864 	.db #0x00	; 0
      000071 00                     865 	.db #0x00	; 0
      000072 00                     866 	.db #0x00	; 0
      000073 00                     867 	.db #0x00	; 0
      000074 00                     868 	.db #0x00	; 0
      000075 00                     869 	.db #0x00	; 0
      000076 00                     870 	.db #0x00	; 0
      000077 00                     871 	.db #0x00	; 0
      000078 00                     872 	.db #0x00	; 0
      000079 00                     873 	.db #0x00	; 0
      00007A 00                     874 	.db #0x00	; 0
      00007B 0F                     875 	.db #0x0f	; 15
      00007C F8                     876 	.db #0xf8	; 248
      00007D 00                     877 	.db #0x00	; 0
      00007E 00                     878 	.db #0x00	; 0
      00007F 00                     879 	.db #0x00	; 0
      000080 00                     880 	.db #0x00	; 0
      000081 00                     881 	.db #0x00	; 0
      000082 00                     882 	.db #0x00	; 0
      000083 00                     883 	.db #0x00	; 0
      000084 00                     884 	.db #0x00	; 0
      000085 00                     885 	.db #0x00	; 0
      000086 00                     886 	.db #0x00	; 0
      000087 00                     887 	.db #0x00	; 0
      000088 00                     888 	.db #0x00	; 0
      000089 00                     889 	.db #0x00	; 0
      00008A 00                     890 	.db #0x00	; 0
      00008B 0F                     891 	.db #0x0f	; 15
      00008C FC                     892 	.db #0xfc	; 252
      00008D 00                     893 	.db #0x00	; 0
      00008E 00                     894 	.db #0x00	; 0
      00008F 00                     895 	.db #0x00	; 0
      000090 08                     896 	.db #0x08	; 8
      000091 00                     897 	.db #0x00	; 0
      000092 00                     898 	.db #0x00	; 0
      000093 00                     899 	.db #0x00	; 0
      000094 00                     900 	.db #0x00	; 0
      000095 00                     901 	.db #0x00	; 0
      000096 00                     902 	.db #0x00	; 0
      000097 00                     903 	.db #0x00	; 0
      000098 00                     904 	.db #0x00	; 0
      000099 00                     905 	.db #0x00	; 0
      00009A 00                     906 	.db #0x00	; 0
      00009B 0F                     907 	.db #0x0f	; 15
      00009C FC                     908 	.db #0xfc	; 252
      00009D 00                     909 	.db #0x00	; 0
      00009E 00                     910 	.db #0x00	; 0
      00009F 00                     911 	.db #0x00	; 0
      0000A0 7A                     912 	.db #0x7a	; 122	'z'
      0000A1 00                     913 	.db #0x00	; 0
      0000A2 00                     914 	.db #0x00	; 0
      0000A3 00                     915 	.db #0x00	; 0
      0000A4 00                     916 	.db #0x00	; 0
      0000A5 00                     917 	.db #0x00	; 0
      0000A6 00                     918 	.db #0x00	; 0
      0000A7 00                     919 	.db #0x00	; 0
      0000A8 00                     920 	.db #0x00	; 0
      0000A9 00                     921 	.db #0x00	; 0
      0000AA 00                     922 	.db #0x00	; 0
      0000AB 0E                     923 	.db #0x0e	; 14
      0000AC 78                     924 	.db #0x78	; 120	'x'
      0000AD 00                     925 	.db #0x00	; 0
      0000AE 00                     926 	.db #0x00	; 0
      0000AF 00                     927 	.db #0x00	; 0
      0000B0 7A                     928 	.db #0x7a	; 122	'z'
      0000B1 80                     929 	.db #0x80	; 128
      0000B2 00                     930 	.db #0x00	; 0
      0000B3 00                     931 	.db #0x00	; 0
      0000B4 00                     932 	.db #0x00	; 0
      0000B5 00                     933 	.db #0x00	; 0
      0000B6 00                     934 	.db #0x00	; 0
      0000B7 00                     935 	.db #0x00	; 0
      0000B8 00                     936 	.db #0x00	; 0
      0000B9 00                     937 	.db #0x00	; 0
      0000BA 00                     938 	.db #0x00	; 0
      0000BB 0F                     939 	.db #0x0f	; 15
      0000BC 6C                     940 	.db #0x6c	; 108	'l'
      0000BD 00                     941 	.db #0x00	; 0
      0000BE 00                     942 	.db #0x00	; 0
      0000BF 00                     943 	.db #0x00	; 0
      0000C0 FD                     944 	.db #0xfd	; 253
      0000C1 F0                     945 	.db #0xf0	; 240
      0000C2 00                     946 	.db #0x00	; 0
      0000C3 00                     947 	.db #0x00	; 0
      0000C4 00                     948 	.db #0x00	; 0
      0000C5 00                     949 	.db #0x00	; 0
      0000C6 00                     950 	.db #0x00	; 0
      0000C7 00                     951 	.db #0x00	; 0
      0000C8 00                     952 	.db #0x00	; 0
      0000C9 00                     953 	.db #0x00	; 0
      0000CA 00                     954 	.db #0x00	; 0
      0000CB 0E                     955 	.db #0x0e	; 14
      0000CC B8                     956 	.db #0xb8	; 184
      0000CD 00                     957 	.db #0x00	; 0
      0000CE 00                     958 	.db #0x00	; 0
      0000CF 00                     959 	.db #0x00	; 0
      0000D0 BD                     960 	.db #0xbd	; 189
      0000D1 70                     961 	.db #0x70	; 112	'p'
      0000D2 70                     962 	.db #0x70	; 112	'p'
      0000D3 00                     963 	.db #0x00	; 0
      0000D4 00                     964 	.db #0x00	; 0
      0000D5 00                     965 	.db #0x00	; 0
      0000D6 00                     966 	.db #0x00	; 0
      0000D7 00                     967 	.db #0x00	; 0
      0000D8 00                     968 	.db #0x00	; 0
      0000D9 00                     969 	.db #0x00	; 0
      0000DA 00                     970 	.db #0x00	; 0
      0000DB 0F                     971 	.db #0x0f	; 15
      0000DC 48                     972 	.db #0x48	; 72	'H'
      0000DD 00                     973 	.db #0x00	; 0
      0000DE 00                     974 	.db #0x00	; 0
      0000DF 00                     975 	.db #0x00	; 0
      0000E0 FF                     976 	.db #0xff	; 255
      0000E1 F5                     977 	.db #0xf5	; 245
      0000E2 E5                     978 	.db #0xe5	; 229
      0000E3 54                     979 	.db #0x54	; 84	'T'
      0000E4 00                     980 	.db #0x00	; 0
      0000E5 00                     981 	.db #0x00	; 0
      0000E6 00                     982 	.db #0x00	; 0
      0000E7 00                     983 	.db #0x00	; 0
      0000E8 00                     984 	.db #0x00	; 0
      0000E9 00                     985 	.db #0x00	; 0
      0000EA 00                     986 	.db #0x00	; 0
      0000EB 1F                     987 	.db #0x1f	; 31
      0000EC D8                     988 	.db #0xd8	; 216
      0000ED 04                     989 	.db #0x04	; 4
      0000EE 00                     990 	.db #0x00	; 0
      0000EF 00                     991 	.db #0x00	; 0
      0000F0 FF                     992 	.db #0xff	; 255
      0000F1 FD                     993 	.db #0xfd	; 253
      0000F2 E8                     994 	.db #0xe8	; 232
      0000F3 02                     995 	.db #0x02	; 2
      0000F4 00                     996 	.db #0x00	; 0
      0000F5 00                     997 	.db #0x00	; 0
      0000F6 0A                     998 	.db #0x0a	; 10
      0000F7 80                     999 	.db #0x80	; 128
      0000F8 00                    1000 	.db #0x00	; 0
      0000F9 00                    1001 	.db #0x00	; 0
      0000FA 2A                    1002 	.db #0x2a	; 42
      0000FB 8F                    1003 	.db #0x8f	; 143
      0000FC F8                    1004 	.db #0xf8	; 248
      0000FD B6                    1005 	.db #0xb6	; 182
      0000FE 00                    1006 	.db #0x00	; 0
      0000FF 00                    1007 	.db #0x00	; 0
      000100 FF                    1008 	.db #0xff	; 255
      000101 FF                    1009 	.db #0xff	; 255
      000102 E8                    1010 	.db #0xe8	; 232
      000103 04                    1011 	.db #0x04	; 4
      000104 80                    1012 	.db #0x80	; 128
      000105 00                    1013 	.db #0x00	; 0
      000106 10                    1014 	.db #0x10	; 16
      000107 40                    1015 	.db #0x40	; 64
      000108 00                    1016 	.db #0x00	; 0
      000109 0A                    1017 	.db #0x0a	; 10
      00010A 84                    1018 	.db #0x84	; 132
      00010B BF                    1019 	.db #0xbf	; 191
      00010C 75                    1020 	.db #0x75	; 117	'u'
      00010D 55                    1021 	.db #0x55	; 85	'U'
      00010E 55                    1022 	.db #0x55	; 85	'U'
      00010F 55                    1023 	.db #0x55	; 85	'U'
      000110 FF                    1024 	.db #0xff	; 255
      000111 FF                    1025 	.db #0xff	; 255
      000112 F5                    1026 	.db #0xf5	; 245
      000113 50                    1027 	.db #0x50	; 80	'P'
      000114 A0                    1028 	.db #0xa0	; 160
      000115 00                    1029 	.db #0x00	; 0
      000116 11                    1030 	.db #0x11	; 17
      000117 28                    1031 	.db #0x28	; 40
      000118 00                    1032 	.db #0x00	; 0
      000119 A0                    1033 	.db #0xa0	; 160
      00011A AB                    1034 	.db #0xab	; 171
      00011B EF                    1035 	.db #0xef	; 239
      00011C F9                    1036 	.db #0xf9	; 249
      00011D 57                    1037 	.db #0x57	; 87	'W'
      00011E AA                    1038 	.db #0xaa	; 170
      00011F AA                    1039 	.db #0xaa	; 170
      000120 FF                    1040 	.db #0xff	; 255
      000121 FF                    1041 	.db #0xff	; 255
      000122 F6                    1042 	.db #0xf6	; 246
      000123 8A                    1043 	.db #0x8a	; 138
      000124 00                    1044 	.db #0x00	; 0
      000125 00                    1045 	.db #0x00	; 0
      000126 22                    1046 	.db #0x22	; 34
      000127 44                    1047 	.db #0x44	; 68	'D'
      000128 55                    1048 	.db #0x55	; 85	'U'
      000129 15                    1049 	.db #0x15	; 21
      00012A 7F                    1050 	.db #0x7f	; 127
      00012B FF                    1051 	.db #0xff	; 255
      00012C F5                    1052 	.db #0xf5	; 245
      00012D 75                    1053 	.db #0x75	; 117	'u'
      00012E 76                    1054 	.db #0x76	; 118	'v'
      00012F AA                    1055 	.db #0xaa	; 170
      000130 FF                    1056 	.db #0xff	; 255
      000131 FF                    1057 	.db #0xff	; 255
      000132 FF                    1058 	.db #0xff	; 255
      000133 69                    1059 	.db #0x69	; 105	'i'
      000134 55                    1060 	.db #0x55	; 85	'U'
      000135 55                    1061 	.db #0x55	; 85	'U'
      000136 29                    1062 	.db #0x29	; 41
      000137 25                    1063 	.db #0x25	; 37
      000138 01                    1064 	.db #0x01	; 1
      000139 45                    1065 	.db #0x45	; 69	'E'
      00013A FF                    1066 	.db #0xff	; 255
      00013B F7                    1067 	.db #0xf7	; 247
      00013C F5                    1068 	.db #0xf5	; 245
      00013D 5F                    1069 	.db #0x5f	; 95
      00013E 7F                    1070 	.db #0x7f	; 127
      00013F AB                    1071 	.db #0xab	; 171
      000140 FF                    1072 	.db #0xff	; 255
      000141 FF                    1073 	.db #0xff	; 255
      000142 FF                    1074 	.db #0xff	; 255
      000143 D5                    1075 	.db #0xd5	; 213
      000144 55                    1076 	.db #0x55	; 85	'U'
      000145 55                    1077 	.db #0x55	; 85	'U'
      000146 54                    1078 	.db #0x54	; 84	'T'
      000147 A9                    1079 	.db #0xa9	; 169
      000148 6A                    1080 	.db #0x6a	; 106	'j'
      000149 AF                    1081 	.db #0xaf	; 175
      00014A FF                    1082 	.db #0xff	; 255
      00014B FF                    1083 	.db #0xff	; 255
      00014C F5                    1084 	.db #0xf5	; 245
      00014D 56                    1085 	.db #0x56	; 86	'V'
      00014E B7                    1086 	.db #0xb7	; 183
      00014F BF                    1087 	.db #0xbf	; 191
      000150 FF                    1088 	.db #0xff	; 255
      000151 FF                    1089 	.db #0xff	; 255
      000152 FF                    1090 	.db #0xff	; 255
      000153 D5                    1091 	.db #0xd5	; 213
      000154 55                    1092 	.db #0x55	; 85	'U'
      000155 55                    1093 	.db #0x55	; 85	'U'
      000156 55                    1094 	.db #0x55	; 85	'U'
      000157 56                    1095 	.db #0x56	; 86	'V'
      000158 B6                    1096 	.db #0xb6	; 182
      000159 AF                    1097 	.db #0xaf	; 175
      00015A FF                    1098 	.db #0xff	; 255
      00015B FE                    1099 	.db #0xfe	; 254
      00015C D7                    1100 	.db #0xd7	; 215
      00015D 77                    1101 	.db #0x77	; 119	'w'
      00015E 5F                    1102 	.db #0x5f	; 95
      00015F EF                    1103 	.db #0xef	; 239
      000160 FF                    1104 	.db #0xff	; 255
      000161 FF                    1105 	.db #0xff	; 255
      000162 FF                    1106 	.db #0xff	; 255
      000163 FF                    1107 	.db #0xff	; 255
      000164 FF                    1108 	.db #0xff	; 255
      000165 FF                    1109 	.db #0xff	; 255
      000166 FD                    1110 	.db #0xfd	; 253
      000167 B5                    1111 	.db #0xb5	; 181
      000168 6F                    1112 	.db #0x6f	; 111	'o'
      000169 BF                    1113 	.db #0xbf	; 191
      00016A FF                    1114 	.db #0xff	; 255
      00016B FF                    1115 	.db #0xff	; 255
      00016C BB                    1116 	.db #0xbb	; 187
      00016D AD                    1117 	.db #0xad	; 173
      00016E 7F                    1118 	.db #0x7f	; 127
      00016F FF                    1119 	.db #0xff	; 255
      000170 FF                    1120 	.db #0xff	; 255
      000171 FF                    1121 	.db #0xff	; 255
      000172 FF                    1122 	.db #0xff	; 255
      000173 FF                    1123 	.db #0xff	; 255
      000174 FF                    1124 	.db #0xff	; 255
      000175 FE                    1125 	.db #0xfe	; 254
      000176 94                    1126 	.db #0x94	; 148
      000177 DF                    1127 	.db #0xdf	; 223
      000178 DF                    1128 	.db #0xdf	; 223
      000179 DF                    1129 	.db #0xdf	; 223
      00017A FF                    1130 	.db #0xff	; 255
      00017B FF                    1131 	.db #0xff	; 255
      00017C FF                    1132 	.db #0xff	; 255
      00017D AB                    1133 	.db #0xab	; 171
      00017E BA                    1134 	.db #0xba	; 186
      00017F EF                    1135 	.db #0xef	; 239
      000180 FF                    1136 	.db #0xff	; 255
      000181 FF                    1137 	.db #0xff	; 255
      000182 FF                    1138 	.db #0xff	; 255
      000183 EB                    1139 	.db #0xeb	; 235
      000184 FF                    1140 	.db #0xff	; 255
      000185 FF                    1141 	.db #0xff	; 255
      000186 FF                    1142 	.db #0xff	; 255
      000187 FF                    1143 	.db #0xff	; 255
      000188 FF                    1144 	.db #0xff	; 255
      000189 BF                    1145 	.db #0xbf	; 191
      00018A FF                    1146 	.db #0xff	; 255
      00018B FF                    1147 	.db #0xff	; 255
      00018C FF                    1148 	.db #0xff	; 255
      00018D DA                    1149 	.db #0xda	; 218
      00018E AF                    1150 	.db #0xaf	; 175
      00018F F7                    1151 	.db #0xf7	; 247
      000190 FF                    1152 	.db #0xff	; 255
      000191 FF                    1153 	.db #0xff	; 255
      000192 FF                    1154 	.db #0xff	; 255
      000193 FF                    1155 	.db #0xff	; 255
      000194 FF                    1156 	.db #0xff	; 255
      000195 DF                    1157 	.db #0xdf	; 223
      000196 80                    1158 	.db #0x80	; 128
      000197 1F                    1159 	.db #0x1f	; 31
      000198 FF                    1160 	.db #0xff	; 255
      000199 BF                    1161 	.db #0xbf	; 191
      00019A FF                    1162 	.db #0xff	; 255
      00019B FF                    1163 	.db #0xff	; 255
      00019C FF                    1164 	.db #0xff	; 255
      00019D EE                    1165 	.db #0xee	; 238
      00019E D4                    1166 	.db #0xd4	; 212
      00019F FF                    1167 	.db #0xff	; 255
      0001A0 FF                    1168 	.db #0xff	; 255
      0001A1 FF                    1169 	.db #0xff	; 255
      0001A2 FF                    1170 	.db #0xff	; 255
      0001A3 FD                    1171 	.db #0xfd	; 253
      0001A4 7F                    1172 	.db #0x7f	; 127
      0001A5 58                    1173 	.db #0x58	; 88	'X'
      0001A6 43                    1174 	.db #0x43	; 67	'C'
      0001A7 FF                    1175 	.db #0xff	; 255
      0001A8 FF                    1176 	.db #0xff	; 255
      0001A9 FF                    1177 	.db #0xff	; 255
      0001AA FF                    1178 	.db #0xff	; 255
      0001AB FF                    1179 	.db #0xff	; 255
      0001AC FD                    1180 	.db #0xfd	; 253
      0001AD DB                    1181 	.db #0xdb	; 219
      0001AE 7F                    1182 	.db #0x7f	; 127
      0001AF DF                    1183 	.db #0xdf	; 223
      0001B0 FF                    1184 	.db #0xff	; 255
      0001B1 FF                    1185 	.db #0xff	; 255
      0001B2 FF                    1186 	.db #0xff	; 255
      0001B3 F8                    1187 	.db #0xf8	; 248
      0001B4 02                    1188 	.db #0x02	; 2
      0001B5 F5                    1189 	.db #0xf5	; 245
      0001B6 60                    1190 	.db #0x60	; 96
      0001B7 FF                    1191 	.db #0xff	; 255
      0001B8 FF                    1192 	.db #0xff	; 255
      0001B9 FF                    1193 	.db #0xff	; 255
      0001BA FF                    1194 	.db #0xff	; 255
      0001BB FF                    1195 	.db #0xff	; 255
      0001BC FF                    1196 	.db #0xff	; 255
      0001BD EB                    1197 	.db #0xeb	; 235
      0001BE 7A                    1198 	.db #0x7a	; 122	'z'
      0001BF DF                    1199 	.db #0xdf	; 223
      0001C0 FF                    1200 	.db #0xff	; 255
      0001C1 FF                    1201 	.db #0xff	; 255
      0001C2 FF                    1202 	.db #0xff	; 255
      0001C3 C6                    1203 	.db #0xc6	; 198
      0001C4 01                    1204 	.db #0x01	; 1
      0001C5 ED                    1205 	.db #0xed	; 237
      0001C6 40                    1206 	.db #0x40	; 64
      0001C7 FF                    1207 	.db #0xff	; 255
      0001C8 FF                    1208 	.db #0xff	; 255
      0001C9 FF                    1209 	.db #0xff	; 255
      0001CA FF                    1210 	.db #0xff	; 255
      0001CB FF                    1211 	.db #0xff	; 255
      0001CC FA                    1212 	.db #0xfa	; 250
      0001CD ED                    1213 	.db #0xed	; 237
      0001CE FD                    1214 	.db #0xfd	; 253
      0001CF 5D                    1215 	.db #0x5d	; 93
      0001D0 FF                    1216 	.db #0xff	; 255
      0001D1 FF                    1217 	.db #0xff	; 255
      0001D2 FF                    1218 	.db #0xff	; 255
      0001D3 EB                    1219 	.db #0xeb	; 235
      0001D4 E1                    1220 	.db #0xe1	; 225
      0001D5 F5                    1221 	.db #0xf5	; 245
      0001D6 50                    1222 	.db #0x50	; 80	'P'
      0001D7 7F                    1223 	.db #0x7f	; 127
      0001D8 FF                    1224 	.db #0xff	; 255
      0001D9 FF                    1225 	.db #0xff	; 255
      0001DA FF                    1226 	.db #0xff	; 255
      0001DB FF                    1227 	.db #0xff	; 255
      0001DC FF                    1228 	.db #0xff	; 255
      0001DD EB                    1229 	.db #0xeb	; 235
      0001DE DB                    1230 	.db #0xdb	; 219
      0001DF 6F                    1231 	.db #0x6f	; 111	'o'
      0001E0 FF                    1232 	.db #0xff	; 255
      0001E1 FF                    1233 	.db #0xff	; 255
      0001E2 FF                    1234 	.db #0xff	; 255
      0001E3 AA                    1235 	.db #0xaa	; 170
      0001E4 A8                    1236 	.db #0xa8	; 168
      0001E5 71                    1237 	.db #0x71	; 113	'q'
      0001E6 40                    1238 	.db #0x40	; 64
      0001E7 7F                    1239 	.db #0x7f	; 127
      0001E8 FF                    1240 	.db #0xff	; 255
      0001E9 FF                    1241 	.db #0xff	; 255
      0001EA FF                    1242 	.db #0xff	; 255
      0001EB FF                    1243 	.db #0xff	; 255
      0001EC F7                    1244 	.db #0xf7	; 247
      0001ED D7                    1245 	.db #0xd7	; 215
      0001EE BA                    1246 	.db #0xba	; 186
      0001EF B7                    1247 	.db #0xb7	; 183
      0001F0 FF                    1248 	.db #0xff	; 255
      0001F1 FF                    1249 	.db #0xff	; 255
      0001F2 FF                    1250 	.db #0xff	; 255
      0001F3 D5                    1251 	.db #0xd5	; 213
      0001F4 54                    1252 	.db #0x54	; 84	'T'
      0001F5 2A                    1253 	.db #0x2a	; 42
      0001F6 D0                    1254 	.db #0xd0	; 208
      0001F7 3F                    1255 	.db #0x3f	; 63
      0001F8 FF                    1256 	.db #0xff	; 255
      0001F9 FF                    1257 	.db #0xff	; 255
      0001FA FF                    1258 	.db #0xff	; 255
      0001FB FF                    1259 	.db #0xff	; 255
      0001FC FF                    1260 	.db #0xff	; 255
      0001FD FB                    1261 	.db #0xfb	; 251
      0001FE 77                    1262 	.db #0x77	; 119	'w'
      0001FF BF                    1263 	.db #0xbf	; 191
      000200 FF                    1264 	.db #0xff	; 255
      000201 FF                    1265 	.db #0xff	; 255
      000202 FF                    1266 	.db #0xff	; 255
      000203 54                    1267 	.db #0x54	; 84	'T'
      000204 AA                    1268 	.db #0xaa	; 170
      000205 15                    1269 	.db #0x15	; 21
      000206 A0                    1270 	.db #0xa0	; 160
      000207 1F                    1271 	.db #0x1f	; 31
      000208 FF                    1272 	.db #0xff	; 255
      000209 FF                    1273 	.db #0xff	; 255
      00020A FF                    1274 	.db #0xff	; 255
      00020B FF                    1275 	.db #0xff	; 255
      00020C FF                    1276 	.db #0xff	; 255
      00020D 76                    1277 	.db #0x76	; 118	'v'
      00020E FF                    1278 	.db #0xff	; 255
      00020F FF                    1279 	.db #0xff	; 255
      000210 FF                    1280 	.db #0xff	; 255
      000211 FF                    1281 	.db #0xff	; 255
      000212 FF                    1282 	.db #0xff	; 255
      000213 55                    1283 	.db #0x55	; 85	'U'
      000214 2A                    1284 	.db #0x2a	; 42
      000215 85                    1285 	.db #0x85	; 133
      000216 D0                    1286 	.db #0xd0	; 208
      000217 0F                    1287 	.db #0x0f	; 15
      000218 FF                    1288 	.db #0xff	; 255
      000219 FF                    1289 	.db #0xff	; 255
      00021A FF                    1290 	.db #0xff	; 255
      00021B FF                    1291 	.db #0xff	; 255
      00021C FF                    1292 	.db #0xff	; 255
      00021D E9                    1293 	.db #0xe9	; 233
      00021E DF                    1294 	.db #0xdf	; 223
      00021F BF                    1295 	.db #0xbf	; 191
      000220 00                    1296 	.db #0x00	; 0
      000221 0A                    1297 	.db #0x0a	; 10
      000222 FD                    1298 	.db #0xfd	; 253
      000223 55                    1299 	.db #0x55	; 85	'U'
      000224 4A                    1300 	.db #0x4a	; 74	'J'
      000225 87                    1301 	.db #0x87	; 135
      000226 C0                    1302 	.db #0xc0	; 192
      000227 0F                    1303 	.db #0x0f	; 15
      000228 FF                    1304 	.db #0xff	; 255
      000229 FF                    1305 	.db #0xff	; 255
      00022A FF                    1306 	.db #0xff	; 255
      00022B FF                    1307 	.db #0xff	; 255
      00022C FF                    1308 	.db #0xff	; 255
      00022D FF                    1309 	.db #0xff	; 255
      00022E FF                    1310 	.db #0xff	; 255
      00022F FF                    1311 	.db #0xff	; 255
      000230 00                    1312 	.db #0x00	; 0
      000231 00                    1313 	.db #0x00	; 0
      000232 03                    1314 	.db #0x03	; 3
      000233 57                    1315 	.db #0x57	; 87	'W'
      000234 AA                    1316 	.db #0xaa	; 170
      000235 A0                    1317 	.db #0xa0	; 160
      000236 E0                    1318 	.db #0xe0	; 224
      000237 07                    1319 	.db #0x07	; 7
      000238 FF                    1320 	.db #0xff	; 255
      000239 FF                    1321 	.db #0xff	; 255
      00023A FF                    1322 	.db #0xff	; 255
      00023B FF                    1323 	.db #0xff	; 255
      00023C FF                    1324 	.db #0xff	; 255
      00023D FF                    1325 	.db #0xff	; 255
      00023E FF                    1326 	.db #0xff	; 255
      00023F FF                    1327 	.db #0xff	; 255
      000240 00                    1328 	.db #0x00	; 0
      000241 00                    1329 	.db #0x00	; 0
      000242 05                    1330 	.db #0x05	; 5
      000243 6A                    1331 	.db #0x6a	; 106	'j'
      000244 45                    1332 	.db #0x45	; 69	'E'
      000245 50                    1333 	.db #0x50	; 80	'P'
      000246 00                    1334 	.db #0x00	; 0
      000247 07                    1335 	.db #0x07	; 7
      000248 FF                    1336 	.db #0xff	; 255
      000249 FF                    1337 	.db #0xff	; 255
      00024A DF                    1338 	.db #0xdf	; 223
      00024B FF                    1339 	.db #0xff	; 255
      00024C FF                    1340 	.db #0xff	; 255
      00024D FF                    1341 	.db #0xff	; 255
      00024E FF                    1342 	.db #0xff	; 255
      00024F FF                    1343 	.db #0xff	; 255
      000250 00                    1344 	.db #0x00	; 0
      000251 00                    1345 	.db #0x00	; 0
      000252 05                    1346 	.db #0x05	; 5
      000253 56                    1347 	.db #0x56	; 86	'V'
      000254 28                    1348 	.db #0x28	; 40
      000255 AA                    1349 	.db #0xaa	; 170
      000256 30                    1350 	.db #0x30	; 48	'0'
      000257 00                    1351 	.db #0x00	; 0
      000258 00                    1352 	.db #0x00	; 0
      000259 33                    1353 	.db #0x33	; 51	'3'
      00025A FF                    1354 	.db #0xff	; 255
      00025B FF                    1355 	.db #0xff	; 255
      00025C FF                    1356 	.db #0xff	; 255
      00025D FF                    1357 	.db #0xff	; 255
      00025E FF                    1358 	.db #0xff	; 255
      00025F FF                    1359 	.db #0xff	; 255
      000260 00                    1360 	.db #0x00	; 0
      000261 00                    1361 	.db #0x00	; 0
      000262 1A                    1362 	.db #0x1a	; 26
      000263 AA                    1363 	.db #0xaa	; 170
      000264 15                    1364 	.db #0x15	; 21
      000265 54                    1365 	.db #0x54	; 84	'T'
      000266 80                    1366 	.db #0x80	; 128
      000267 00                    1367 	.db #0x00	; 0
      000268 00                    1368 	.db #0x00	; 0
      000269 20                    1369 	.db #0x20	; 32
      00026A 81                    1370 	.db #0x81	; 129
      00026B 81                    1371 	.db #0x81	; 129
      00026C FF                    1372 	.db #0xff	; 255
      00026D FF                    1373 	.db #0xff	; 255
      00026E FF                    1374 	.db #0xff	; 255
      00026F FF                    1375 	.db #0xff	; 255
      000270 00                    1376 	.db #0x00	; 0
      000271 00                    1377 	.db #0x00	; 0
      000272 0A                    1378 	.db #0x0a	; 10
      000273 94                    1379 	.db #0x94	; 148
      000274 0A                    1380 	.db #0x0a	; 10
      000275 2A                    1381 	.db #0x2a	; 42
      000276 50                    1382 	.db #0x50	; 80	'P'
      000277 00                    1383 	.db #0x00	; 0
      000278 00                    1384 	.db #0x00	; 0
      000279 5E                    1385 	.db #0x5e	; 94
      00027A 01                    1386 	.db #0x01	; 1
      00027B 80                    1387 	.db #0x80	; 128
      00027C E0                    1388 	.db #0xe0	; 224
      00027D 00                    1389 	.db #0x00	; 0
      00027E 12                    1390 	.db #0x12	; 18
      00027F FF                    1391 	.db #0xff	; 255
      000280 00                    1392 	.db #0x00	; 0
      000281 00                    1393 	.db #0x00	; 0
      000282 2A                    1394 	.db #0x2a	; 42
      000283 50                    1395 	.db #0x50	; 80	'P'
      000284 BA                    1396 	.db #0xba	; 186
      000285 95                    1397 	.db #0x95	; 149
      000286 08                    1398 	.db #0x08	; 8
      000287 02                    1399 	.db #0x02	; 2
      000288 00                    1400 	.db #0x00	; 0
      000289 76                    1401 	.db #0x76	; 118	'v'
      00028A 83                    1402 	.db #0x83	; 131
      00028B 80                    1403 	.db #0x80	; 128
      00028C C0                    1404 	.db #0xc0	; 192
      00028D 00                    1405 	.db #0x00	; 0
      00028E 00                    1406 	.db #0x00	; 0
      00028F 00                    1407 	.db #0x00	; 0
      000290 00                    1408 	.db #0x00	; 0
      000291 00                    1409 	.db #0x00	; 0
      000292 29                    1410 	.db #0x29	; 41
      000293 52                    1411 	.db #0x52	; 82	'R'
      000294 BA                    1412 	.db #0xba	; 186
      000295 C5                    1413 	.db #0xc5	; 197
      000296 E4                    1414 	.db #0xe4	; 228
      000297 00                    1415 	.db #0x00	; 0
      000298 00                    1416 	.db #0x00	; 0
      000299 3F                    1417 	.db #0x3f	; 63
      00029A C1                    1418 	.db #0xc1	; 193
      00029B 80                    1419 	.db #0x80	; 128
      00029C E0                    1420 	.db #0xe0	; 224
      00029D 00                    1421 	.db #0x00	; 0
      00029E 00                    1422 	.db #0x00	; 0
      00029F 00                    1423 	.db #0x00	; 0
      0002A0 00                    1424 	.db #0x00	; 0
      0002A1 00                    1425 	.db #0x00	; 0
      0002A2 AA                    1426 	.db #0xaa	; 170
      0002A3 4A                    1427 	.db #0x4a	; 74	'J'
      0002A4 E1                    1428 	.db #0xe1	; 225
      0002A5 52                    1429 	.db #0x52	; 82	'R'
      0002A6 29                    1430 	.db #0x29	; 41
      0002A7 50                    1431 	.db #0x50	; 80	'P'
      0002A8 00                    1432 	.db #0x00	; 0
      0002A9 3F                    1433 	.db #0x3f	; 63
      0002AA E3                    1434 	.db #0xe3	; 227
      0002AB 00                    1435 	.db #0x00	; 0
      0002AC C0                    1436 	.db #0xc0	; 192
      0002AD 00                    1437 	.db #0x00	; 0
      0002AE 00                    1438 	.db #0x00	; 0
      0002AF 00                    1439 	.db #0x00	; 0
      0002B0 00                    1440 	.db #0x00	; 0
      0002B1 00                    1441 	.db #0x00	; 0
      0002B2 92                    1442 	.db #0x92	; 146
      0002B3 94                    1443 	.db #0x94	; 148
      0002B4 20                    1444 	.db #0x20	; 32
      0002B5 A9                    1445 	.db #0xa9	; 169
      0002B6 54                    1446 	.db #0x54	; 84	'T'
      0002B7 7F                    1447 	.db #0x7f	; 127
      0002B8 01                    1448 	.db #0x01	; 1
      0002B9 3C                    1449 	.db #0x3c	; 60
      0002BA FA                    1450 	.db #0xfa	; 250
      0002BB 80                    1451 	.db #0x80	; 128
      0002BC C0                    1452 	.db #0xc0	; 192
      0002BD 00                    1453 	.db #0x00	; 0
      0002BE 00                    1454 	.db #0x00	; 0
      0002BF 00                    1455 	.db #0x00	; 0
      0002C0 00                    1456 	.db #0x00	; 0
      0002C1 02                    1457 	.db #0x02	; 2
      0002C2 4A                    1458 	.db #0x4a	; 74	'J'
      0002C3 7F                    1459 	.db #0x7f	; 127
      0002C4 C0                    1460 	.db #0xc0	; 192
      0002C5 55                    1461 	.db #0x55	; 85	'U'
      0002C6 55                    1462 	.db #0x55	; 85	'U'
      0002C7 3F                    1463 	.db #0x3f	; 63
      0002C8 C0                    1464 	.db #0xc0	; 192
      0002C9 20                    1465 	.db #0x20	; 32
      0002CA F8                    1466 	.db #0xf8	; 248
      0002CB 00                    1467 	.db #0x00	; 0
      0002CC C0                    1468 	.db #0xc0	; 192
      0002CD 00                    1469 	.db #0x00	; 0
      0002CE 00                    1470 	.db #0x00	; 0
      0002CF 00                    1471 	.db #0x00	; 0
      0002D0 00                    1472 	.db #0x00	; 0
      0002D1 01                    1473 	.db #0x01	; 1
      0002D2 57                    1474 	.db #0x57	; 87	'W'
      0002D3 7F                    1475 	.db #0x7f	; 127
      0002D4 C0                    1476 	.db #0xc0	; 192
      0002D5 1A                    1477 	.db #0x1a	; 26
      0002D6 55                    1478 	.db #0x55	; 85	'U'
      0002D7 1F                    1479 	.db #0x1f	; 31
      0002D8 F0                    1480 	.db #0xf0	; 240
      0002D9 19                    1481 	.db #0x19	; 25
      0002DA F8                    1482 	.db #0xf8	; 248
      0002DB 00                    1483 	.db #0x00	; 0
      0002DC C0                    1484 	.db #0xc0	; 192
      0002DD 00                    1485 	.db #0x00	; 0
      0002DE 00                    1486 	.db #0x00	; 0
      0002DF 00                    1487 	.db #0x00	; 0
      0002E0 00                    1488 	.db #0x00	; 0
      0002E1 0A                    1489 	.db #0x0a	; 10
      0002E2 A3                    1490 	.db #0xa3	; 163
      0002E3 FB                    1491 	.db #0xfb	; 251
      0002E4 80                    1492 	.db #0x80	; 128
      0002E5 15                    1493 	.db #0x15	; 21
      0002E6 54                    1494 	.db #0x54	; 84	'T'
      0002E7 BF                    1495 	.db #0xbf	; 191
      0002E8 80                    1496 	.db #0x80	; 128
      0002E9 23                    1497 	.db #0x23	; 35
      0002EA FC                    1498 	.db #0xfc	; 252
      0002EB 00                    1499 	.db #0x00	; 0
      0002EC 80                    1500 	.db #0x80	; 128
      0002ED 00                    1501 	.db #0x00	; 0
      0002EE 00                    1502 	.db #0x00	; 0
      0002EF 00                    1503 	.db #0x00	; 0
      0002F0 00                    1504 	.db #0x00	; 0
      0002F1 15                    1505 	.db #0x15	; 21
      0002F2 60                    1506 	.db #0x60	; 96
      0002F3 A3                    1507 	.db #0xa3	; 163
      0002F4 00                    1508 	.db #0x00	; 0
      0002F5 0D                    1509 	.db #0x0d	; 13
      0002F6 55                    1510 	.db #0x55	; 85	'U'
      0002F7 1F                    1511 	.db #0x1f	; 31
      0002F8 80                    1512 	.db #0x80	; 128
      0002F9 13                    1513 	.db #0x13	; 19
      0002FA FF                    1514 	.db #0xff	; 255
      0002FB 00                    1515 	.db #0x00	; 0
      0002FC 81                    1516 	.db #0x81	; 129
      0002FD 1A                    1517 	.db #0x1a	; 26
      0002FE 00                    1518 	.db #0x00	; 0
      0002FF 00                    1519 	.db #0x00	; 0
      000300 00                    1520 	.db #0x00	; 0
      000301 2A                    1521 	.db #0x2a	; 42
      000302 E0                    1522 	.db #0xe0	; 224
      000303 04                    1523 	.db #0x04	; 4
      000304 00                    1524 	.db #0x00	; 0
      000305 05                    1525 	.db #0x05	; 5
      000306 55                    1526 	.db #0x55	; 85	'U'
      000307 7C                    1527 	.db #0x7c	; 124
      000308 02                    1528 	.db #0x02	; 2
      000309 27                    1529 	.db #0x27	; 39
      00030A FE                    1530 	.db #0xfe	; 254
      00030B C0                    1531 	.db #0xc0	; 192
      00030C 45                    1532 	.db #0x45	; 69	'E'
      00030D F4                    1533 	.db #0xf4	; 244
      00030E 0C                    1534 	.db #0x0c	; 12
      00030F 00                    1535 	.db #0x00	; 0
      000310 5F                    1536 	.db #0x5f	; 95
      000311 55                    1537 	.db #0x55	; 85	'U'
      000312 FF                    1538 	.db #0xff	; 255
      000313 FF                    1539 	.db #0xff	; 255
      000314 FF                    1540 	.db #0xff	; 255
      000315 A6                    1541 	.db #0xa6	; 166
      000316 AD                    1542 	.db #0xad	; 173
      000317 7C                    1543 	.db #0x7c	; 124
      000318 02                    1544 	.db #0x02	; 2
      000319 27                    1545 	.db #0x27	; 39
      00031A F8                    1546 	.db #0xf8	; 248
      00031B 70                    1547 	.db #0x70	; 112	'p'
      00031C 06                    1548 	.db #0x06	; 6
      00031D 97                    1549 	.db #0x97	; 151
      00031E 2E                    1550 	.db #0x2e	; 46
      00031F 00                    1551 	.db #0x00	; 0
      000320 F0                    1552 	.db #0xf0	; 240
      000321 AF                    1553 	.db #0xaf	; 175
      000322 F5                    1554 	.db #0xf5	; 245
      000323 FA                    1555 	.db #0xfa	; 250
      000324 AA                    1556 	.db #0xaa	; 170
      000325 DF                    1557 	.db #0xdf	; 223
      000326 AB                    1558 	.db #0xab	; 171
      000327 FA                    1559 	.db #0xfa	; 250
      000328 14                    1560 	.db #0x14	; 20
      000329 2F                    1561 	.db #0x2f	; 47
      00032A EA                    1562 	.db #0xea	; 234
      00032B 00                    1563 	.db #0x00	; 0
      00032C 0D                    1564 	.db #0x0d	; 13
      00032D D5                    1565 	.db #0xd5	; 213
      00032E DF                    1566 	.db #0xdf	; 223
      00032F 00                    1567 	.db #0x00	; 0
      000330 3A                    1568 	.db #0x3a	; 58
      000331 3F                    1569 	.db #0x3f	; 63
      000332 F6                    1570 	.db #0xf6	; 246
      000333 AF                    1571 	.db #0xaf	; 175
      000334 6D                    1572 	.db #0x6d	; 109	'm'
      000335 55                    1573 	.db #0x55	; 85	'U'
      000336 ED                    1574 	.db #0xed	; 237
      000337 F9                    1575 	.db #0xf9	; 249
      000338 44                    1576 	.db #0x44	; 68	'D'
      000339 17                    1577 	.db #0x17	; 23
      00033A FA                    1578 	.db #0xfa	; 250
      00033B 00                    1579 	.db #0x00	; 0
      00033C 2F                    1580 	.db #0x2f	; 47
      00033D EF                    1581 	.db #0xef	; 239
      00033E 7F                    1582 	.db #0x7f	; 127
      00033F 00                    1583 	.db #0x00	; 0
      000340 FD                    1584 	.db #0xfd	; 253
      000341 EB                    1585 	.db #0xeb	; 235
      000342 AD                    1586 	.db #0xad	; 173
      000343 D5                    1587 	.db #0xd5	; 213
      000344 B6                    1588 	.db #0xb6	; 182
      000345 D5                    1589 	.db #0xd5	; 213
      000346 DB                    1590 	.db #0xdb	; 219
      000347 F6                    1591 	.db #0xf6	; 246
      000348 B8                    1592 	.db #0xb8	; 184
      000349 3F                    1593 	.db #0x3f	; 63
      00034A FC                    1594 	.db #0xfc	; 252
      00034B 03                    1595 	.db #0x03	; 3
      00034C 7F                    1596 	.db #0x7f	; 127
      00034D FF                    1597 	.db #0xff	; 255
      00034E FF                    1598 	.db #0xff	; 255
      00034F 80                    1599 	.db #0x80	; 128
      000350 AF                    1600 	.db #0xaf	; 175
      000351 EB                    1601 	.db #0xeb	; 235
      000352 ED                    1602 	.db #0xed	; 237
      000353 76                    1603 	.db #0x76	; 118	'v'
      000354 DB                    1604 	.db #0xdb	; 219
      000355 6D                    1605 	.db #0x6d	; 109	'm'
      000356 7F                    1606 	.db #0x7f	; 127
      000357 F5                    1607 	.db #0xf5	; 245
      000358 5D                    1608 	.db #0x5d	; 93
      000359 1F                    1609 	.db #0x1f	; 31
      00035A F4                    1610 	.db #0xf4	; 244
      00035B 09                    1611 	.db #0x09	; 9
      00035C 1F                    1612 	.db #0x1f	; 31
      00035D FF                    1613 	.db #0xff	; 255
      00035E FF                    1614 	.db #0xff	; 255
      00035F 80                    1615 	.db #0x80	; 128
      000360 7F                    1616 	.db #0x7f	; 127
      000361 B6                    1617 	.db #0xb6	; 182
      000362 B6                    1618 	.db #0xb6	; 182
      000363 DB                    1619 	.db #0xdb	; 219
      000364 6D                    1620 	.db #0x6d	; 109	'm'
      000365 BB                    1621 	.db #0xbb	; 187
      000366 FF                    1622 	.db #0xff	; 255
      000367 EF                    1623 	.db #0xef	; 239
      000368 F8                    1624 	.db #0xf8	; 248
      000369 3F                    1625 	.db #0x3f	; 63
      00036A C0                    1626 	.db #0xc0	; 192
      00036B 2B                    1627 	.db #0x2b	; 43
      00036C FF                    1628 	.db #0xff	; 255
      00036D FF                    1629 	.db #0xff	; 255
      00036E FF                    1630 	.db #0xff	; 255
      00036F 80                    1631 	.db #0x80	; 128
      000370 FF                    1632 	.db #0xff	; 255
      000371 FF                    1633 	.db #0xff	; 255
      000372 FE                    1634 	.db #0xfe	; 254
      000373 DB                    1635 	.db #0xdb	; 219
      000374 7F                    1636 	.db #0x7f	; 127
      000375 FF                    1637 	.db #0xff	; 255
      000376 FF                    1638 	.db #0xff	; 255
      000377 FF                    1639 	.db #0xff	; 255
      000378 FD                    1640 	.db #0xfd	; 253
      000379 0E                    1641 	.db #0x0e	; 14
      00037A 00                    1642 	.db #0x00	; 0
      00037B AB                    1643 	.db #0xab	; 171
      00037C FF                    1644 	.db #0xff	; 255
      00037D FF                    1645 	.db #0xff	; 255
      00037E FF                    1646 	.db #0xff	; 255
      00037F 00                    1647 	.db #0x00	; 0
      000380 2F                    1648 	.db #0x2f	; 47
      000381 FF                    1649 	.db #0xff	; 255
      000382 FF                    1650 	.db #0xff	; 255
      000383 FF                    1651 	.db #0xff	; 255
      000384 FF                    1652 	.db #0xff	; 255
      000385 FF                    1653 	.db #0xff	; 255
      000386 FF                    1654 	.db #0xff	; 255
      000387 FF                    1655 	.db #0xff	; 255
      000388 FA                    1656 	.db #0xfa	; 250
      000389 10                    1657 	.db #0x10	; 16
      00038A 05                    1658 	.db #0x05	; 5
      00038B 7F                    1659 	.db #0x7f	; 127
      00038C FF                    1660 	.db #0xff	; 255
      00038D FF                    1661 	.db #0xff	; 255
      00038E FF                    1662 	.db #0xff	; 255
      00038F 00                    1663 	.db #0x00	; 0
      000390 00                    1664 	.db #0x00	; 0
      000391 00                    1665 	.db #0x00	; 0
      000392 7F                    1666 	.db #0x7f	; 127
      000393 FF                    1667 	.db #0xff	; 255
      000394 FF                    1668 	.db #0xff	; 255
      000395 FE                    1669 	.db #0xfe	; 254
      000396 AA                    1670 	.db #0xaa	; 170
      000397 AA                    1671 	.db #0xaa	; 170
      000398 FA                    1672 	.db #0xfa	; 250
      000399 88                    1673 	.db #0x88	; 136
      00039A 15                    1674 	.db #0x15	; 21
      00039B 7F                    1675 	.db #0x7f	; 127
      00039C FF                    1676 	.db #0xff	; 255
      00039D FF                    1677 	.db #0xff	; 255
      00039E FF                    1678 	.db #0xff	; 255
      00039F 00                    1679 	.db #0x00	; 0
      0003A0 00                    1680 	.db #0x00	; 0
      0003A1 00                    1681 	.db #0x00	; 0
      0003A2 00                    1682 	.db #0x00	; 0
      0003A3 00                    1683 	.db #0x00	; 0
      0003A4 00                    1684 	.db #0x00	; 0
      0003A5 BF                    1685 	.db #0xbf	; 191
      0003A6 FD                    1686 	.db #0xfd	; 253
      0003A7 5B                    1687 	.db #0x5b	; 91
      0003A8 5A                    1688 	.db #0x5a	; 90	'Z'
      0003A9 50                    1689 	.db #0x50	; 80	'P'
      0003AA AB                    1690 	.db #0xab	; 171
      0003AB FF                    1691 	.db #0xff	; 255
      0003AC 55                    1692 	.db #0x55	; 85	'U'
      0003AD FF                    1693 	.db #0xff	; 255
      0003AE FF                    1694 	.db #0xff	; 255
      0003AF 00                    1695 	.db #0x00	; 0
      0003B0 00                    1696 	.db #0x00	; 0
      0003B1 00                    1697 	.db #0x00	; 0
      0003B2 00                    1698 	.db #0x00	; 0
      0003B3 00                    1699 	.db #0x00	; 0
      0003B4 00                    1700 	.db #0x00	; 0
      0003B5 00                    1701 	.db #0x00	; 0
      0003B6 05                    1702 	.db #0x05	; 5
      0003B7 DF                    1703 	.db #0xdf	; 223
      0003B8 FA                    1704 	.db #0xfa	; 250
      0003B9 AA                    1705 	.db #0xaa	; 170
      0003BA AB                    1706 	.db #0xab	; 171
      0003BB FD                    1707 	.db #0xfd	; 253
      0003BC B5                    1708 	.db #0xb5	; 181
      0003BD 55                    1709 	.db #0x55	; 85	'U'
      0003BE FF                    1710 	.db #0xff	; 255
      0003BF 80                    1711 	.db #0x80	; 128
      0003C0 00                    1712 	.db #0x00	; 0
      0003C1 00                    1713 	.db #0x00	; 0
      0003C2 00                    1714 	.db #0x00	; 0
      0003C3 00                    1715 	.db #0x00	; 0
      0003C4 00                    1716 	.db #0x00	; 0
      0003C5 00                    1717 	.db #0x00	; 0
      0003C6 00                    1718 	.db #0x00	; 0
      0003C7 00                    1719 	.db #0x00	; 0
      0003C8 1A                    1720 	.db #0x1a	; 26
      0003C9 AA                    1721 	.db #0xaa	; 170
      0003CA AF                    1722 	.db #0xaf	; 175
      0003CB FF                    1723 	.db #0xff	; 255
      0003CC FF                    1724 	.db #0xff	; 255
      0003CD FF                    1725 	.db #0xff	; 255
      0003CE FF                    1726 	.db #0xff	; 255
      0003CF 80                    1727 	.db #0x80	; 128
      0003D0 00                    1728 	.db #0x00	; 0
      0003D1 00                    1729 	.db #0x00	; 0
      0003D2 00                    1730 	.db #0x00	; 0
      0003D3 00                    1731 	.db #0x00	; 0
      0003D4 00                    1732 	.db #0x00	; 0
      0003D5 00                    1733 	.db #0x00	; 0
      0003D6 00                    1734 	.db #0x00	; 0
      0003D7 00                    1735 	.db #0x00	; 0
      0003D8 0D                    1736 	.db #0x0d	; 13
      0003D9 55                    1737 	.db #0x55	; 85	'U'
      0003DA 70                    1738 	.db #0x70	; 112	'p'
      0003DB 00                    1739 	.db #0x00	; 0
      0003DC 00                    1740 	.db #0x00	; 0
      0003DD FF                    1741 	.db #0xff	; 255
      0003DE FF                    1742 	.db #0xff	; 255
      0003DF 00                    1743 	.db #0x00	; 0
      0003E0 00                    1744 	.db #0x00	; 0
      0003E1 00                    1745 	.db #0x00	; 0
      0003E2 00                    1746 	.db #0x00	; 0
      0003E3 00                    1747 	.db #0x00	; 0
      0003E4 00                    1748 	.db #0x00	; 0
      0003E5 00                    1749 	.db #0x00	; 0
      0003E6 00                    1750 	.db #0x00	; 0
      0003E7 00                    1751 	.db #0x00	; 0
      0003E8 0F                    1752 	.db #0x0f	; 15
      0003E9 E8                    1753 	.db #0xe8	; 232
      0003EA 00                    1754 	.db #0x00	; 0
      0003EB 00                    1755 	.db #0x00	; 0
      0003EC 00                    1756 	.db #0x00	; 0
      0003ED 00                    1757 	.db #0x00	; 0
      0003EE 01                    1758 	.db #0x01	; 1
      0003EF 00                    1759 	.db #0x00	; 0
      0003F0 00                    1760 	.db #0x00	; 0
      0003F1 00                    1761 	.db #0x00	; 0
      0003F2 00                    1762 	.db #0x00	; 0
      0003F3 00                    1763 	.db #0x00	; 0
      0003F4 00                    1764 	.db #0x00	; 0
      0003F5 00                    1765 	.db #0x00	; 0
      0003F6 00                    1766 	.db #0x00	; 0
      0003F7 00                    1767 	.db #0x00	; 0
      0003F8 00                    1768 	.db #0x00	; 0
      0003F9 00                    1769 	.db #0x00	; 0
      0003FA 00                    1770 	.db #0x00	; 0
      0003FB 00                    1771 	.db #0x00	; 0
      0003FC 00                    1772 	.db #0x00	; 0
      0003FD 00                    1773 	.db #0x00	; 0
      0003FE 00                    1774 	.db #0x00	; 0
      0003FF 00                    1775 	.db #0x00	; 0
                                   1776 	.area XINIT   (CODE)
                                   1777 	.area CABS    (ABS,CODE)
